family,year,tids,metadata_names,scrape_names,fee_urls,standings_names,historical_names
April Action,2023,2789,April Action,,,,
April Classic,2024,3314,April Classic,,,,
April Game 60,2022,2400,April Game 60,,,,
April Open,2021,1975,,,,,
April Open,2022,2373,April Open,,,,
April Open,2023,2788,April Open,,,,
April Rapid,2022,2402,April Rapid,,,,
Atlantic Action,2022,2505,Atlantic Action,,,,
Atlantic City Open,1999,,,,,Foxwoods Open,
Atlantic City Open,2000,,,,,Foxwoods Open,
Atlantic City Open,2001,,,,,Foxwoods Open,
Atlantic City Open,2002,,,,,Foxwoods Open,
Atlantic City Open,2004,,,,,Foxwoods Open,
Atlantic City Open,2005,,,,,Foxwoods Open,
Atlantic City Open,2006,,,,,Foxwoods Open,
Atlantic City Open,2007,,,,,Foxwoods Open,
Atlantic City Open,2008,,,,,Foxwoods Open,
Atlantic City Open,2009,,,,,Foxwoods Open,
Atlantic City Open,2014,174,,,,Foxwoods Open,2014 Foxwoods Open
Atlantic City Open,2019,1396,,,,Open at Foxwoods,2019 Open at Foxwoods
Atlantic City Open,2020,1680,,,,,
Atlantic City Open,2022,2285,Open at Foxwoods,,,Open at Foxwoods,2022 Open at Foxwoods
Atlantic City Open,2023,2611,Open at Foxwoods,,,Open at Foxwoods,2023 Open at Foxwoods
Atlantic City Open,2024,3213,Open at Foxwoods,,,Open at Foxwoods,2024 Open at Foxwoods
Atlantic City Open,2025,3631,Princeton Open,,,Princeton Open,2025 Princeton Open
Atlantic City Open,2026,4178,Atlantic City Open,2026 Atlantic City Open,https://www.chesstour.com/aco26.htm,Atlantic City Open,2026 Atlantic City Open
Atlantic City Open,2027,4434,Atlantic City Open,2027 Atlantic City Open,,,
Atlantic Open,1992,,,,,Atlantic Open,
Atlantic Open,1993,,,,,Atlantic Open,
Atlantic Open,1994,,,,,Atlantic Open,
Atlantic Open,1995,,,,,Atlantic Open,
Atlantic Open,1996,,,,,Atlantic Open,
Atlantic Open,1997,,,,,Atlantic Open,
Atlantic Open,1998,,,,,Atlantic Open,
Atlantic Open,2000,,,,,Atlantic Open,
Atlantic Open,2001,,,,,Atlantic Open,
Atlantic Open,2002,,,,,Atlantic Open,
Atlantic Open,2003,,,,,Atlantic Open,
Atlantic Open,2004,,,,,Atlantic Open,
Atlantic Open,2005,,,,,Atlantic Open,
Atlantic Open,2006,,,,,Atlantic Open,
Atlantic Open,2007,,,,,Atlantic Open,
Atlantic Open,2008,,,,,Atlantic Open,
Atlantic Open,2009,,,,,Atlantic Open,
Atlantic Open,2010,,,,,Atlantic Open,
Atlantic Open,2011,,,,,Atlantic Open,
Atlantic Open,2012,5,,,,Atlantic Open,2012 Atlantic Open
Atlantic Open,2013,92,,,,Atlantic Open,2013 Atlantic Open
Atlantic Open,2014,293,,,,Atlantic Open,2014 Atlantic Open
Atlantic Open,2015,506,,,,Atlantic Open,2015 Atlantic Open
Atlantic Open,2016,708,,,,Atlantic Open,2016 Atlantic Open
Atlantic Open,2017,1003,,,,Atlantic Open,2017 Atlantic Open
Atlantic Open,2018,1263,,,,Atlantic Open,2018 Atlantic Open
Atlantic Open,2019,1534,,,,Atlantic Open,2019 Atlantic Open
Atlantic Open,2020,1912,,,,Atlantic Open,
Atlantic Open,2021,2051,Atlantic Open,,,Atlantic Open,2021 Atlantic Open
Atlantic Open,2022,2405,Atlantic Open,,https://www.chesstour.com/ao22.htm,Atlantic Open,2022 Atlantic Open
Atlantic Open,2023,2881,Atlantic Open,,https://www.chesstour.com/ao23.htm,Atlantic Open,2023 Atlantic Open
Atlantic Open,2024,3377,Atlantic Open,,https://www.chesstour.com/ao24.htm,Atlantic Open,2024 Atlantic Open
Atlantic Open,2025,3863,Atlantic Open,,,Atlantic Open,2025 Atlantic Open
Atlantic Open,2026,4418,Atlantic Open,2026 Atlantic Open,https://www.chesstour.com/ao26.htm,Atlantic Open,2026 Atlantic Open
Atlantic Open Blitz,2020,1914,,,,,
August Action,2023,3032,August Action,,,,
August Blitz,2020,1869,,,,,
August Open,2020,1868,,,,,
August Open,2021,2113,August Open,,,,
August Open,2022,2453,August Open,,,,
August Open,2023,2977,August Open,,,,
August Rapid,2020,1870,,,,,
Bill Little Memorial,2016,628,,,,Bill Little Memorial,2016 Bill Little Memorial
Bill Little Memorial,2018,1187,,,,Bill Little Memorial,2018 Bill Little Memorial
Bill Little Memorial,2019,1448,,,,Bill Little Memorial,2019 Bill Little Memorial
Blitz at Foxwoods,2023,2669,Blitz at Foxwoods,,,,
Boardwalk Open,2010,,,,,Boardwalk Open,
Boardwalk Open,2011,,,,,Boardwalk Open,
Boardwalk Open,2012,,,,,Boardwalk Open,Boardwalk Open
Boardwalk Open,2013,115,,,,Boardwalk Open,2013 Boardwalk Open
Boardwalk Open,2014,318,,,,Boardwalk Open,2014 Boardwalk Open
Boardwalk Open,2015,547,,,,Boardwalk Open,2015 Boardwalk Open
Boston Chess Congress,2012,,,,,Bostonchess Congress,
Boston Chess Congress,2013,,,,,Boston Chess Congress,Boston Chess Congress
Boston Chess Congress,2014,154,,,,Boston Chess Congress,2014 Boston Chess Congress
Boston Chess Congress,2015,352,,,,Boston Chess Congress,2015 Boston Chess Congress
Boston Chess Congress,2016,570,,,,Boston Chess Congress,2016 Boston Chess Congress
Boston Chess Congress,2017,829,,,,Boston Chess Congress,
Boston Chess Congress,2018,1099,,,,Boston Chess Congress,2018 Boston Chess Congress
Boston Chess Congress,2019,1388,,,,Boston Chess Congress,2019 Boston Chess Congress
Boston Chess Congress,2020,1663,,,,Boston Chess Congress,2020 Boston Chess Congress
Boston Chess Congress,2021,1918,,,,Boston Chess Congress,
Boston Chess Congress,2022,2203,Boston Chess Congress,,,Boston Chess Congress,2022 Boston Chess Congress
Boston Chess Congress,2023,2512,Boston Chess Congress,,,Boston Chess Congress,2023 Boston Chess Congress
Boston Chess Congress,2024,3139,Boston Chess Congress,,,Boston Chess Congress,2024 Boston Chess Congress
Boston Chess Congress,2025,3524,Boston Chess Congress,,,Boston Chess Congress,2025 Boston Chess Congress
Boston Chess Congress,2026,4029,Boston Chess Congress,,,Boston Chess Congress,2026 Boston Chess Congress
Boston Chess Congress,2027,4435,Boston Chess Congress,2027 Boston Chess Congress,,,
Bradley Open,1998,,,,,Bradley Open,
Bradley Open,1999,,,,,Bradley Open,
Bradley Open,2000,,,,,Bradley Open,
Bradley Open,2001,,,,,Bradley Open,
Bradley Open,2002,,,,,Bradley Open,
Bradley Open,2003,,,,,Bradley Open,
Bradley Open,2004,,,,,Bradley Open,
Bradley Open,2005,,,,,Bradley Open,
Bradley Open,2006,,,,,Bradley Open,
Bradley Open,2007,,,,,Bradley Open,
Bradley Open,2008,,,,,Bradley Open,
Bradley Open,2009,,,,,Bradley Open,
Bradley Open,2010,,,,,Bradley Open,
Bradley Open,2011,,,,,Bradley Open,
Bradley Open,2012,,,,,Bradley Open,
Bradley Open,2013,80,,,,Bradley Open,2013 Bradley Open
Bradley Open,2014,259,,,,Bradley Open,2014 Bradley Open
Bradley Open,2015,489,,,,Bradley Open,2015 Bradley Open
Bradley Open,2016,713,,,,Bradley Open,
Bradley Open,2017,1245,,,,Bradley Open,
Bradley Open,2018,961,,,,Bradley Open,2018 Bradley Open
Bradley Open,2019,1511,,,,Bradley Open,2019 Bradley Open
Bradley Open,2020,,,,,Bradley Open,
Bradley Open,2021,2017,,,,Bradley Open,2021 Bradley Open
Bradley Open,2022,2418,Bradley Open,,,Bradley Open,2022 Bradley Open
Bradley Open,2023,2823,Bradley Open,,,Bradley Open,2023 Bradley Open
Bradley Open,2024,3331,Bradley Open,,,Bradley Open,2024 Bradley Open
Bradley Open,2025,3835,Bradley Open,,,Bradley Open,2025 Bradley Open
Bradley Open,2026,4412,Bradley Open,2026 Bradley Open,,Bradley Open,2026 Bradley Open
Bradley Open at ICC,2020,1885,,,,,2020 Bradley Open at ICC
CCA-ICC October Scholastic,2021,2183,CCA-ICC October Scholastic,,,,
CCA-ICC September Scholastic,2021,2164,CCA-ICC September Scholastic,,,,
Central California Open,2009,,,,,Central California Open,
Central California Open,2010,,,,,Central California Open,
Central California Open,2011,,,,,Central California Open,
Central California Open,2012,8,,,,Central California Open,2012 Central California Open
Central California Open,2014,292,,,,Central California Open,2014 Central California Open
Central California Open,2015,505,,,,Central California Open,2015 Central California Open
Central California Open,2016,719,,,,Central California Open,2016 Central California Open
Central California Open,2017,986,,,,Central California Open,2017 Central California Open
Central California Open,2018,1262,,,,Central California Open,2018 Central California Open
Central California Open,2019,1535,,,,Central California Open,2019 Central California Open
Central California Open,2021,2050,Central California Open,,,Central California Open,2021 Central California Open
Central California Open,2022,2404,Central California Open,,https://www.chesstour.com/cco22.htm,Central California Open,2022 Central California Open
Central California Open,2023,2824,Central California Open,,https://www.chesstour.com/cco23.htm,Central California Open,2023 Central California Open
Central California Open,2024,3373,Central California Open,,https://www.chesstour.com/cco24.htm,Central California Open,2024 Central California Open
Central California Open,2025,3903,Central California Open,,https://www.chesstour.com/cco25.htm,Central California Open,2025 Central California Open
Central California Open,2026,4419,Central California Open,2026 Central California Open,https://www.chesstour.com/cco26.htm,Central California Open,2026 Central California Open
Central New York Open,2014,326,,,,Central New York Open,2014 Central New York Open
Central New York Open,2015,548,,,,Central New York Open,
Central New York Open,2016,786,,,,Central New York Open,2016 Central New York Open
Central New York Open,2017,1024,,,,Central New York Open,2017 Central New York Open
Central New York Open,2018,1346,,,,Central New York Open,2018 Central New York Open
Central New York Open,2019,1614,,,,Central New York Open,2019 Central New York Open
Central New York Open,2021,2093,Central New York Open,,,Central New York Open,2021 Central New York Open
Central New York Open,2022,2464,Central New York Open,,,Central New York Open,2022 Central New York Open
Central New York Open,2023,2969,Central New York Open,,,Central New York Open,2023 Central New York Open
Chicago Action,2022,2376,Chicago Action,,,,
Chicago Class,2008,,,,,Chicago Class,
Chicago Class,2009,,,,,Chicago Class,
Chicago Class,2010,,,,,Chicago Class,
Chicago Class,2011,,,,,Chicago Class,
Chicago Class,2012,,,,,Chicago Class,
Chicago Class,2013,,,,,Chicago Class,Chicago Class
Chicago Class,2014,262,,,,Chicago Class,2014 Chicago Class
Chicago Class,2015,474,,,,Chicago Class,2015 Chicago Class
Chicago Class,2016,705,,,,Chicago Class,2016 Chicago Class
Chicago Class,2017,959,,,,Chicago Class,2017 Chicago Class
Chicago Class,2018,1225,,,,Chicago Class,2018 Chicago Class
Chicago Class,2019,1501,,,,Chicago Class,2019 Chicago Class
Chicago Class,2020,1913,,,,Chicago Class,
Chicago Class,2021,2014,,,,Chicago Class,2021 Chicago Class
Chicago Class,2022,2389,Chicago Class,,,Chicago Class,2022 Chicago Class
Chicago Class,2023,2780,Chicago Class,,,Chicago Class,2023 Chicago Class
Chicago Class,2024,3328,Chicago Class,,,Chicago Class,2024 Chicago Class
Chicago Class,2025,3836,Chicago Class,,,Chicago Class,2025 Chicago Class
Chicago Class,2026,4404,Chicago Class,2026 Chicago Class,,Chicago Class,2026 Chicago Class
Chicago FIDE U2200,2022,2365,Chicago FIDE U2200,,,,2022 Chicago FIDE U2200
Chicago Open,1992,,,,,Chicago Open,
Chicago Open,1995,,,,,Chicago Open,
Chicago Open,1996,,,,,Chicago Open,
Chicago Open,1999,,,,,Chicago Open,
Chicago Open,2001,,,,,Chicago Open,
Chicago Open,2002,,,,,Chicago Open,
Chicago Open,2003,,,,,Chicago Open,
Chicago Open,2004,,,,,Chicago Open,
Chicago Open,2005,,,,,Chicago Open,
Chicago Open,2006,,,,,Chicago Open,
Chicago Open,2007,,,,,Chicago Open,
Chicago Open,2008,,,,,Chicago Open,
Chicago Open,2009,,,,,Chicago Open,
Chicago Open,2010,,,,,Chicago Open,
Chicago Open,2011,,,,,Chicago Open,
Chicago Open,2012,,,,,Chicago Open,
Chicago Open,2013,,,,,Chicago Open,Chicago Open
Chicago Open,2014,239,,,,Chicago Open,2014 Chicago Open
Chicago Open,2015,413,,,,Chicago Open,2015 Chicago Open
Chicago Open,2016,626,,,,Chicago Open,2016 Chicago Open
Chicago Open,2017,895,,,,Chicago Open,2017 Chicago Open
Chicago Open,2018,1173,,,,Chicago Open,2018 Chicago Open
Chicago Open,2019,1425,,,,Chicago Open,2019 Chicago Open
Chicago Open,2020,1882,,,,Chicago Open,
Chicago Open,2021,1990,,,,Chicago Open,2021 Chicago Open
Chicago Open,2022,2292,Chicago Open,,https://www.chesstour.com/chio22.htm,Chicago Open,2022 Chicago Open
Chicago Open,2023,2657,Chicago Open,,https://www.chesstour.com/chio23.htm,Chicago Open,2023 Chicago Open
Chicago Open,2024,3248,Chicago Open,,https://www.chesstour.com/chio24.htm,Chicago Open,2024 Chicago Open
Chicago Open,2025,3660,Chicago Open,,https://www.chesstour.com/chio25.htm,Chicago Open,2025 Chicago Open
Chicago Open,2026,4244,Chicago Open,2026 Chicago Open,https://www.chesstour.com/chio26.htm,Chicago Open,2026 Chicago Open
Chicago Open Blitz,2020,1887,,,,,
Chicago Open Blitz,2021,2004,,,,,
Chicago Open Blitz,2023,2668,Chicago Open Blitz,,,,
Chicago Open Blitz,2024,3253,Chicago Open Blitz,,,,
Chicago Open Blitz,2025,3915,Chicago Open Blitz,,,,
Chicago Open Blitz,2026,4245,Chicago Open Blitz,2026 Chicago Open Blitz,,,
Cleveland Open,2008,,,,,Cleveland Open,
Cleveland Open,2009,,,,,Cleveland Open,
Cleveland Open,2010,,,,,Cleveland Open,
Cleveland Open,2011,,,,,Cleveland Open,
Cleveland Open,2012,,,,,Cleveland Open,
Cleveland Open,2013,83,,,,Cleveland Open,2013 Cleveland Open
Cleveland Open,2014,286,,,,Cleveland Open,2014 Cleveland Open
Cleveland Open,2015,492,,,,Cleveland Open,2015 Cleveland Open
Cleveland Open,2016,721,,,,Cleveland Open,2016 Cleveland Open
Cleveland Open,2017,1252,,,,Cleveland Open,
Cleveland Open,2018,985,,,,Cleveland Open,2018 Cleveland Open
Cleveland Open,2019,1512,,,,Cleveland Open,2019 Cleveland Open
Cleveland Open,2020,1904,,,,Cleveland Open,
Cleveland Open,2021,1992,,,,Cleveland Open,2021 Cleveland Open
Cleveland Open,2022,2369,,,,Cleveland Open,2022 Cleveland Open
Cleveland Open,2023,2667,,,,Cleveland Open,2023 Cleveland Open
Cleveland Open,2024,3276,,,,Cleveland Open,2024 Cleveland Open
Cleveland Open,2025,3798,Cleveland Open,,,Cleveland Open,2025 Cleveland Open
Cleveland Open,2026,4417,Cleveland Open,2026 Cleveland Open,,Cleveland Open,2026 Cleveland Open
Continental Action,2022,2452,Continental Action,,,,
Continental Chess June Quick,2020,1834,,,,,
Continental Chess June Rapid,2020,1826,,,,,
Continental Class,2023,2738,Continental Class,,,Continental Class,2023 Continental Class
Continental Class Championships,2010,,,,,Continental Class Championships,
Continental Class Championships,2011,,,,,Continental Class Championships,
Continental Class Championships,2012,,,,,Continental Class Championships,Continental Class Championships
Continental Class Championships,2013,105,,,,Continental Class Championships,2013 Continental Class Championships
Continental Class Championships,2016,630,,,,Continental Class Championships,2016 Continental Class Championships
Continental Class Championships,2017,919,,,,Continental Class Championships,2017 Continental Class Championships
Continental Class Championships,2018,1209,,,,Continental Class Championships,2018 Continental Class Championships
Continental Class Championships,2019,1503,,,,Continental Class Championships,2019 Continental Class Championships
Continental Class Championships,2020,1780,,,,,
Continental Open,1983,,,,,Continental Open,
Continental Open,1997,,,,,Continental Open,
Continental Open,1998,,,,,Continental Open,
Continental Open,1999,,,,,Continental Open,
Continental Open,2000,,,,,Continental Open,
Continental Open,2002,,,,,Continental Open,
Continental Open,2003,,,,,Continental Open,
Continental Open,2004,,,,,Continental Open,
Continental Open,2005,,,,,Continental Open,
Continental Open,2006,,,,,Continental Open,
Continental Open,2007,,,,,Continental Open,
Continental Open,2008,,,,,Continental Open,
Continental Open,2009,,,,,Continental Open,
Continental Open,2010,,,,,Continental Open,
Continental Open,2011,,,,,Continental Open,
Continental Open,2012,,,,,Continental Open,
Continental Open,2013,87,,,,Continental Open,2013 Continental Open
Continental Open,2014,282,,,,Continental Open,2014 Continental Open
Continental Open,2015,503,,,,Continental Open,2015 Continental Open
Continental Open,2016,707,,,,Continental Open,2016 Continental Open
Continental Open,2017,978,,,,Continental Open,2017 Continental Open
Continental Open,2018,1223,,,,Continental Open,2018 Continental Open
Continental Open,2019,1513,,,,Continental Open,2019 Continental Open
Continental Open,2020,1895,,,,Continental Open,
Continental Open,2021,2018,Continental Open,,,Continental Open,2021 Continental Open
Continental Open,2022,2395,Continental Open,,,Continental Open,2022 Continental Open
Continental Open,2023,2760,Continental Open,,,Continental Open,2023 Continental Open
Continental Open,2024,3359,Continental Open,,,Continental Open,2024 Continental Open
Continental Open,2025,3862,Continental Open,,,Continental Open,2025 Continental Open
Continental Open,2026,4420,Continental Open,2026 Continental Open,,Continental Open,2026 Continental Open
DC International,2009,,,,,Philadelphia International,
DC International,2010,,,,,Philadelphia International,
DC International,2011,,,,,Philadelphia International,
DC International,2012,,,,,Philadelphia International,
DC International,2013,,,,,DC International,DC International
DC International,2014,241,,,,DC International,2014 DC International
DC International,2015,406,,,,DC International,2015 DC International
DC International,2016,646,,,,Philadelphia International,2016 Philadelphia International
DC International,2017,902,,,,Philadelphia International,2017 Philadelphia International
DC International,2018,1175,,,,Philadelphia International,2018 Philadelphia International
DC International,2019,1441,,,,Philadelphia International,2019 Philadelphia International
DC International,2020,1781,,,,,
DC International,2021,2003,,,,Philadelphia International,2021 Philadelphia International
DC International,2022,2306,Philadelphia International,,,Philadelphia International,2022 Philadelphia International
DC International,2023,2673,Philadelphia International,,,Philadelphia International,2023 Philadelphia International
DC International,2024,3307,Philadelphia International,,,Philadelphia International,2024 Philadelphia International
DC International,2025,3686,Philadelphia International,,,Philadelphia International,2025 Philadelphia International
DC International,2026,4284,DC International,2026 DC International,,DC International,2026 DC International
DC Open,2010,,,,,Philadelphia Open,
DC Open,2011,,,,,Philadelphia Open,
DC Open,2012,,,,,Philadelphia Open,
DC Open,2013,,,,,Philadelphia Open,Philadelphia Open
DC Open,2014,182,,,,Philadelphia Open,2014 Philadelphia Open
DC Open,2015,404,,,,Philadelphia Open,2015 Philadelphia Open
DC Open,2016,612,,,,Philadelphia Open,2016 Philadelphia Open
DC Open,2017,893,,,,Philadelphia Open,2017 Philadelphia Open
DC Open,2018,1161,,,,Philadelphia Open,2018 Philadelphia Open
DC Open,2019,1443,,,,Philadelphia Open,2019 Philadelphia Open
DC Open,2020,1909,,,,Philadelphia Open,
DC Open,2021,2005,,,,Philadelphia Open,2021 Philadelphia Open
DC Open,2022,2307,Philadelphia Open,,,Philadelphia Open,2022 Philadelphia Open
DC Open,2023,2674,Philadelphia Open,,,Philadelphia Open,2023 Philadelphia Open
DC Open,2024,3311,Philadelphia Open,,,Philadelphia Open,2024 Philadelphia Open
DC Open,2025,3751,Philadelphia Open,,,Philadelphia Open,2025 Philadelphia Open
DC Open,2026,4351,DC Open,2026 DC Open,,DC Open,2026 DC Open
December Action,2022,2624,December Action,,,,
December Celebration,2023,3149,December Celebration,,,,
December Open,2020,1910,,,,,
December Open,2021,2194,December Open,,,,
December Open,2022,2605,December Open,,,,
Eastern Action,2022,2374,Eastern Action,,,,
Eastern Chess Congress,2003,,,,,Eastern Chess Congress,
Eastern Chess Congress,2004,,,,,Eastern Chess Congress,
Eastern Chess Congress,2005,,,,,Eastern Chess Congress,
Eastern Chess Congress,2006,,,,,Eastern Chess Congress,
Eastern Chess Congress,2010,,,,,Eastern Chess Congress,
Eastern Chess Congress,2014,327,,,,Eastern Chess Congress,2014 Eastern Chess Congress
Eastern Chess Congress,2015,552,,,,Eastern Chess Congress,2015 Eastern Chess Congress
Eastern Chess Congress,2016,751,,,,Eastern Chess Congress,2016 Eastern Chess Congress
Eastern Chess Congress,2017,1023,,,,Eastern Chess Congress,2017 Eastern Chess Congress
Eastern Chess Congress,2018,1344,,,,Eastern Chess Congress,2018 Eastern Chess Congress
Eastern Chess Congress,2019,1612,,,,Eastern Chess Congress,2019 Eastern Chess Congress
Eastern Chess Congress,2020,1890,,,,Eastern Chess Congress,
Eastern Chess Congress,2021,2060,Eastern Chess Congress,,,Eastern Chess Congress,2021 Eastern Chess Congress
Eastern Chess Congress,2022,2459,Eastern Chess Congress,,,Eastern Chess Congress,2022 Eastern Chess Congress
Eastern Chess Congress,2023,2984,Eastern Chess Congress,,,Eastern Chess Congress,2023 Eastern Chess Congress
Eastern Chess Congress,2024,3457,Eastern Chess Congress,,,Eastern Chess Congress,2024 Eastern Chess Congress
Eastern Chess Congress,2025,4006,Eastern Chess Congress,,,Eastern Chess Congress,2025 Eastern Chess Congress
Eastern Chess Congress,2026,4421,Eastern Chess Congress (in New Jersey),2026 Eastern Chess Congress (in New Jersey),https://www.chesstour.com/ecco26.htm,,
Eastern Chess Congress Action,2022,2550,Eastern Chess Congress Action,,,,
Eastern Chess Congress Warmup,2021,2130,Eastern Chess Congress Warmup,,,,
Eastern Class Blitz,2021,1986,,,,,
Eastern Class Championships,1997,,,,,Eastern Class Championships,
Eastern Class Championships,1998,,,,,Eastern Class Championships,
Eastern Class Championships,1999,,,,,Eastern Class Championships,
Eastern Class Championships,2000,,,,,Eastern Class Championships,
Eastern Class Championships,2001,,,,,Eastern Class Championships,
Eastern Class Championships,2002,,,,,Eastern Class Championships,
Eastern Class Championships,2003,,,,,Eastern Class Championships,
Eastern Class Championships,2005,,,,,Eastern Class Championships,
Eastern Class Championships,2006,,,,,Eastern Class Championships,
Eastern Class Championships,2007,,,,,Eastern Class Championships,
Eastern Class Championships,2008,,,,,Eastern Class Championships,
Eastern Class Championships,2009,,,,,Eastern Class Championships,
Eastern Class Championships,2010,,,,,Eastern Class Championships,
Eastern Class Championships,2011,,,,,Eastern Class Championships,
Eastern Class Championships,2012,,,,,Eastern Class Championships,
Eastern Class Championships,2013,,,,,Eastern Class Championships,Eastern Class Championships
Eastern Class Championships,2014,185,,,,Eastern Class Championships,2014 Eastern Class Championships
Eastern Class Championships,2015,414,,,,Eastern Class Championships,2015 Eastern Class Championships
Eastern Class Championships,2016,627,,,,Eastern Class Championships,2016 Eastern Class Championships
Eastern Class Championships,2017,894,,,,Eastern Class Championships,2017 Eastern Class Championships
Eastern Class Championships,2018,1212,,,,Eastern Class Championships,2018 Eastern Class Championships
Eastern Class Championships,2019,1423,,,,Eastern Class Championships,2019 Eastern Class Championships
Eastern Class Championships,2020,1761,,,,,
Eastern Class Championships,2021,1985,,,,Eastern Class,
Eastern Class Championships,2022,2294,Eastern Class,,,Eastern Class,2022 Eastern Class
Eastern Class Championships,2023,2607,Eastern Class,,,Eastern Class,2023 Eastern Class
Eastern Class Championships,2024,3259,Eastern Class,,,Eastern Class,2024 Eastern Class
Eastern Class Championships,2025,3752,Eastern Class,,,Eastern Class,2025 Eastern Class
Eastern Class Championships,2026,4422,Eastern Class Championships (in Connecticut),2026 Eastern Class Championships (in Connecticut),https://www.chesstour.com/ecc26.htm,,
Eastern Open,2022,2500,Eastern Open,,https://www.chesstour.com/eo22.htm,Eastern Open,2022 Eastern Open
Eastern Open,2023,3078,Eastern Open,,https://www.chesstour.com/eo23.htm,Eastern Open,2023 Eastern Open
Eastern Open,2024,3478,Eastern Open,,https://www.chesstour.com/eo24.htm,Eastern Open,2024 Eastern Open
Eastern Open,2025,4021,Eastern Open,,https://www.chesstour.com/eo25.htm,Eastern Open,2025 Eastern Open
Eastern Open,2026,4433,Eastern Open,2026 Eastern Open,https://www.chesstour.com/eo26.htm,,
Eastern Team Championship,2011,,,,,Eastern Team Championship,
Eastern Team Championship,2012,,,,,Eastern Team Championship,
Eastern Team Championship,2013,113,,,,Eastern Team Championship,2013 Eastern Team Championship
Empire City Open,1972,,,,,Empire City Open,
Empire City Open,2004,,,,,Empire City Open,
Empire City Open,2005,,,,,Empire City Open,
Empire City Open,2006,,,,,Empire City Open,
Empire City Open,2010,,,,,Empire City Open,
Empire City Open,2011,,,,,Empire City Open,
Empire City Open,2012,,,,,Empire City Open,Empire City Open
Empire City Open,2013,152,,,,Empire City Open,2013 Empire City Open
Empire City Open,2014,346,,,,Empire City Open,2014 Empire City Open
Empire City Open,2015,564,,,,Empire City Open,2015 Empire City Open
Empire City Open,2016,804,,,,Empire City Open,2016 Empire City Open
Empire City Open,2017,1078,,,,Empire City Open,2017 Empire City Open
Empire City Open,2018,1376,,,,Empire City Open,2018 Empire City Open
Empire City Open,2019,1660,,,,Empire City Open,2019 Empire City Open
Empire State Open,1998,,,,,Empire State Open,
Empire State Open,2007,,,,,Empire State Open,
Empire State Open,2008,,,,,Empire State Open,
Empire State Open,2009,,,,,Empire State Open,
Empire State Open,2011,,,,,Empire State Open,
Empire State Open,2021,2153,Empire State Open,,,Empire State Open,2021 Empire State Open
FIDE U2400 at Foxwoods,2022,2310,FIDE U2400 at Foxwoods,,,,2022 FIDE U2400 at Foxwoods
February Action,2023,2701,February Action,,,,
February Classic,2024,3225,February Classic,,,,
February Open,2021,1935,,,,,
February Open,2022,2320,February Open,,,,
February Open,2023,2696,February Open,,,,
Free Software Testing Blitz,2020,1924,,,,,
George Washington Open,2016,589,,,,George Washington Open,2016 George Washington Open
George Washington Open,2017,858,,,,George Washington Open,2017 George Washington Open
George Washington Open,2018,1108,,,,George Washington Open,2018 George Washington Open
George Washington Open,2019,1392,,,,George Washington Open,2019 George Washington Open
George Washington Open,2020,1675,,,,George Washington Open,2020 George Washington Open
George Washington Open,2021,1934,,,,George Washington Open,
George Washington Open,2023,2610,George Washington Open,,https://www.chesstour.com/gwo23.htm,George Washington Open,2023 George Washington Open
George Washington Open,2024,3178,George Washington Open,,https://www.chesstour.com/gwo24.htm,George Washington Open,2024 George Washington Open
George Washington Open,2025,3598,George Washington Open,,https://www.chesstour.com/gwo25.htm,George Washington Open,2025 George Washington Open
George Washington Open,2026,4142,George Washington Open,,https://www.chesstour.com/gwo26.htm,George Washington Open,2026 George Washington Open
George Washington Open,2027,4436,George Washington Open,2027 George Washington Open,,,
George Washington Saturday Octos,2026,4144,George Washington Saturday Octos,,,,2026 George Washington Saturday Octos
George Washington Sunday Octos,2026,4146,George Washington Sunday Octos,,,,2026 George Washington Sunday Octos
Golden State Action,2022,2250,Golden State Action,,,,
Golden State Blitz,2021,1926,,,,,
Golden State Open,2010,,,,,Golden State Open,
Golden State Open,2011,,,,,Golden State Open,
Golden State Open,2012,,,,,Golden State Open,
Golden State Open,2013,,,,,Golden State Open,Golden State Open
Golden State Open,2014,171,,,,Golden State Open,2014 Golden State Open
Golden State Open,2015,334,,,,Golden State Open,2015 Golden State Open
Golden State Open,2016,572,,,,Golden State Open,2016 Golden State Open
Golden State Open,2017,831,,,,Golden State Open,
Golden State Open,2018,1131,,,,Golden State Open,2018 Golden State Open
Golden State Open,2019,1389,,,,Golden State Open,2019 Golden State Open
Golden State Open,2020,1667,,,,Golden State Open,2020 Golden State Open
Golden State Open,2021,1925,,,,Golden State Open,
Golden State Open,2022,2224,Golden State Open,,,Golden State Open,2022 Golden State Open
Golden State Open,2023,2566,Golden State Open,,,Golden State Open,2023 Golden State Open
Golden State Open,2024,3142,Golden State Open,,,Golden State Open,2024 Golden State Open
Golden State Open,2025,3595,Golden State Open,,,Golden State Open,2025 Golden State Open
Golden State Open,2026,4090,Golden State Open,,,Golden State Open,2026 Golden State Open
Golden State Open,2027,,Golden State Open,2027 Golden State Open,,,
Halloween Open,2021,2190,Halloween Open,,,,
Hartford Open,2010,,,,,Hartford Open,
Hartford Open,2011,,,,,Hartford Open,
Hartford Open,2013,129,,,,Hartford Open,2013 Hartford Open
Hartford Open,2014,310,,,,Hartford Open,2014 Hartford Open
Hartford Open,2015,542,,,,Hartford Open,2015 Hartford Open
Hartford Open,2016,747,,,,Hartford Open,2016 Hartford Open
Hartford Open,2017,1015,,,,Hartford Open,2017 Hartford Open
Hartford Open,2018,1313,,,,Hartford Open,2018 Hartford Open
Hartford Open,2019,1609,,,,Hartford Open,2019 Hartford Open
Hartford Open,2022,2487,Hartford Open,,,Hartford Open,2022 Hartford Open
Hartford Open,2023,2980,Hartford Open,,,Hartford Open,2023 Hartford Open
Hartford Open,2024,3456,Hartford Open,,,Hartford Open,2024 Hartford Open
Hartford Open,2025,3974,Hartford Open,,,Hartford Open,2025 Hartford Open
Hartford Open,2026,4413,Hartford Open,2026 Hartford Open,,Hartford Open,2026 Hartford Open
ICC August Rapid,2022,2494,ICC August Rapid,,,,
ICC March G 60,2023,2703,ICC March G 60,,,,
ICC September Rapid,2022,2514,ICC September Rapid,,,,
Indianapolis Open,2010,,,,,Indianapolis Open,
Indianapolis Open,2011,,,,,Indianapolis Open,
Indianapolis Open,2012,6,,,,Indianapolis Open,2012 Indianapolis Open
Indianapolis Open,2013,91,,,,Indianapolis Open,2013 Indianapolis Open
Indianapolis Open,2014,294,,,,Indianapolis Open,2014 Indianapolis Open
Indianapolis Open,2015,517,,,,Indianapolis Open,2015 Indianapolis Open
Indianapolis Open,2016,724,,,,Indianapolis Open,2016 Indianapolis Open
Indianapolis Open,2017,1002,,,,Indianapolis Open,2017 Indianapolis Open
Indianapolis Open,2018,1271,,,,Indianapolis Open,2018 Indianapolis Open
Indianapolis Open,2019,1536,,,,Indianapolis Open,2019 Indianapolis Open
Indianapolis Open,2020,1893,,,,Indianapolis Open,
Indianapolis Open,2021,2049,Indianapolis Open,,,Indianapolis Open,2021 Indianapolis Open
Indianapolis Open,2022,2421,Indianapolis Open,,,Indianapolis Open,2022 Indianapolis Open
Indianapolis Open,2023,2919,Indianapolis Open,,,Indianapolis Open,2023 Indianapolis Open
Indianapolis Open,2024,3372,Indianapolis Open,,,Indianapolis Open,2024 Indianapolis Open
Indianapolis Open,2025,3904,Indianapolis Open,,,Indianapolis Open,2025 Indianapolis Open
Indianapolis Open,2026,4423,Indianapolis Open,2026 Indianapolis Open,,Indianapolis Open,2026 Indianapolis Open
January Action,2023,2695,January Action,,,,
January Classic,2024,3188,January Classic,,,,
January Game 60,2022,2302,January Game 60,,,,
January Open,2021,1921,,,,,
January Open,2022,2299,January Open,,,,
January Open,2023,2655,January Open,,,,
July Action,2023,2963,July Action,,,,
July Open,2020,1855,,,,,
July Open,2021,2057,,,,,
July Open,2022,2451,July Open,,,,
July Open,2023,2918,July Open,,,,
July Rapid,2020,1854,,,,,
June Action,2023,2891,June Action,,,,
June Open,2020,1835,,,,,
June Open,2021,2035,,,,,
June Open,2022,2441,June Open,,,,
June Open,2023,2886,June Open,,,,
Kings Island Open,1997,,,,,Kings Island Open,
Kings Island Open,1998,,,,,Kings Island Open,
Kings Island Open,1999,,,,,Kings Island Open,
Kings Island Open,2000,,,,,Kings Island Open,
Kings Island Open,2001,,,,,Kings Island Open,
Kings Island Open,2002,,,,,Kings Island Open,
Kings Island Open,2003,,,,,Kings Island Open,
Kings Island Open,2004,,,,,Kings Island Open,
Kings Island Open,2005,,,,,Kings Island Open,
Kings Island Open,2006,,,,,Kings Island Open,
Kings Island Open,2007,,,,,Kings Island Open,
Kings Island Open,2008,,,,,Kings Island Open,
Kings Island Open,2009,,,,,Kings Island Open,
Kings Island Open,2010,,,,,Kings Island Open,
Kings Island Open,2011,,,,,Kings Island Open,
Kings Island Open,2012,,,,,Kings Island Open,Kings Island Open
Kings Island Open,2013,116,,,,Kings Island Open,2013 Kings Island Open
Kings Island Open,2014,319,,,,Kings Island Open,2014 Kings Island Open
Kings Island Open,2015,550,,,,Kings Island Open,2015 Kings Island Open
Kings Island Open,2016,798,,,,Kings Island Open,2016 Kings Island Open
Kings Island Open,2017,1026,,,,Kings Island Open,2017 Kings Island Open
Kings Island Open,2018,1368,,,,Kings Island Open,2018 Kings Island Open
Kings Island Open,2019,1615,,,,Kings Island Open,2019 Kings Island Open
Kings Island Open,2020,1896,,,,Kings Island Open,
Kings Island Open,2021,2092,Kings Island Open,,,Kings Island Open,2021 Kings Island Open
Kings Island Open,2022,2465,Kings Island Open,,,Kings Island Open,2022 Kings Island Open
Kings Island Open,2023,3034,Kings Island Open,,,Kings Island Open,2023 Kings Island Open
Kings Island Open,2024,3476,Kings Island Open,,,Kings Island Open,2024 Kings Island Open
Kings Island Open,2025,4008,Kings Island Open,,,Kings Island Open,2025 Kings Island Open
Kings Island Open,2026,4424,Kings Island Open,2026 Kings Island Open,https://www.chesstour.com/kio26.htm,,
Kings Island Open Blitz,2020,1897,,,,,
Kings Island Open Warmup,2021,2171,Kings Island Open Warmup,,,,
Liberty Bell Action,2022,2249,Liberty Bell Action,,,,
Liberty Bell Open,1998,,,,,Liberty Bell Open,
Liberty Bell Open,1999,,,,,Liberty Bell Open,
Liberty Bell Open,2000,,,,,Liberty Bell Open,
Liberty Bell Open,2001,,,,,Liberty Bell Open,
Liberty Bell Open,2002,,,,,Liberty Bell Open,
Liberty Bell Open,2003,,,,,Liberty Bell Open,
Liberty Bell Open,2004,,,,,Liberty Bell Open,
Liberty Bell Open,2005,,,,,Liberty Bell Open,
Liberty Bell Open,2006,,,,,Liberty Bell Open,
Liberty Bell Open,2007,,,,,Liberty Bell Open,
Liberty Bell Open,2008,,,,,Liberty Bell Open,
Liberty Bell Open,2009,,,,,Liberty Bell Open,
Liberty Bell Open,2010,,,,,Liberty Bell Open,
Liberty Bell Open,2011,,,,,Liberty Bell Open,
Liberty Bell Open,2012,,,,,Liberty Bell Open,
Liberty Bell Open,2013,,,,,Liberty Bell Open,Liberty Bell Open
Liberty Bell Open,2014,172,,,,Liberty Bell Open,2014 Liberty Bell Open
Liberty Bell Open,2015,376,,,,Liberty Bell Open,2015 Liberty Bell Open
Liberty Bell Open,2016,571,,,,Liberty Bell Open,2016 Liberty Bell Open
Liberty Bell Open,2017,835,,,,Liberty Bell Open,2017 Liberty Bell Open
Liberty Bell Open,2018,1106,,,,Liberty Bell Open,2018 Liberty Bell Open
Liberty Bell Open,2019,1390,,,,Liberty Bell Open,2019 Liberty Bell Open
Liberty Bell Open,2020,1666,,,,Liberty Bell Open,2020 Liberty Bell Open
Liberty Bell Open,2021,1922,,,,Liberty Bell Open,
Liberty Bell Open,2022,2225,,,https://www.chesstour.com/lbo22.htm,Liberty Bell Open,2022 Liberty Bell Open
Liberty Bell Open,2023,2547,,,https://www.chesstour.com/lbo23.htm,Liberty Bell Open,2023 Liberty Bell Open
Liberty Bell Open,2024,3141,Liberty Bell Open,,https://www.chesstour.com/lbo24.htm,Liberty Bell Open,2024 Liberty Bell Open
Liberty Bell Open,2025,3504,Liberty Bell Open,,https://www.chesstour.com/lbo25.htm,Liberty Bell Open,2025 Liberty Bell Open
Liberty Bell Open,2026,4088,Liberty Bell Open,,https://www.chesstour.com/lbo26.htm,Liberty Bell Open,2026 Liberty Bell Open
Liberty Bell Open,2027,4437,Liberty Bell Open,2027 Liberty Bell Open,,,
Liberty Bell Open Blitz,2021,1923,,,,,
Long Island Open,2012,,,,,Long Island Open,Long Island Open
Long Island Open,2013,,,,,Long Island Open,
Long Island Open,2014,207,,,,Long Island Open,2014 Long Island Open
Los Angeles Open,1998,,,,,Los Angeles Open,
Los Angeles Open,1999,,,,,Los Angeles Open,
Los Angeles Open,2011,,,,,Los Angeles Open,
Los Angeles Open,2012,,,,,Los Angeles Open,Los Angeles Open
Los Angeles Open,2013,112,,,,Los Angeles Open,2013 Los Angeles Open
Los Angeles Open,2016,759,,,,Los Angeles Open,2016 Los Angeles Open
Los Angeles Open,2017,1029,,,,Los Angeles Open,2017 Los Angeles Open
Los Angeles Open,2018,1345,,,,Los Angeles Open,2018 Los Angeles Open
Los Angeles Open,2019,1616,,,,Los Angeles Open,2019 Los Angeles Open
Los Angeles Open,2020,1903,,,,Los Angeles Open,
Los Angeles Open,2021,2112,Los Angeles Open,,,Los Angeles Open,2021 Los Angeles Open
Los Angeles Open,2022,2476,Los Angeles Open,,,Los Angeles Open,2022 Los Angeles Open
Los Angeles Open,2023,2987,Los Angeles Open,,,Los Angeles Open,2023 Los Angeles Open
Los Angeles Open,2024,3458,Los Angeles Open,,,Los Angeles Open,2024 Los Angeles Open
Los Angeles Open,2025,4007,Los Angeles Open,,,Los Angeles Open,2025 Los Angeles Open
Los Angeles Open,2026,4425,Los Angeles Open,2026 Los Angeles Open,https://www.chesstour.com/lao26.htm,,
Los Angeles Open Blitz,2020,1905,,,,,
Louisville Open,2005,,,,,Louisville Open,
Louisville Open,2006,,,,,Louisville Open,
Louisville Open,2010,,,,,Louisville Open,
Louisville Open,2011,,,,,Louisville Open,
Louisville Open,2012,,,,,Louisville Open,Louisville Open
Louisville Open,2013,106,,,,Louisville Open,2013 Louisville Open
Manhattan Open,2011,,,,,Manhattan Open,
Manhattan Open,2012,7,,,,Manhattan Open,2012 Manhattan Open
Manhattan Open,2013,79,,,,Manhattan Open,2013 Manhattan Open
Manhattan Open,2014,263,,,,Manhattan Open,2014 Manhattan Open
Manhattan Open,2015,504,,,,Manhattan Open,2015 Manhattan Open
Manhattan Open,2016,706,,,,Manhattan Open,2016 Manhattan Open
Manhattan Open,2017,1251,,,,Manhattan Open,
Manhattan Open,2018,987,,,,Manhattan Open,2018 Manhattan Open
Manhattan Open,2019,1498,,,,Manhattan Open,2019 Manhattan Open
Manhattan Open,2020,1915,,,,Manhattan Open,
March Classic,2024,3278,March Classic,,,,
March Game 60,2022,2357,March Game 60,,,,
March Open,2021,1948,,,,,
March Open,2022,2360,March Open,,,,
March Open,2023,2702,March Open,,,,
May Action,2023,2880,May Action,,,,
May Open,2021,1999,,,,,
May Open,2022,2375,May Open,,,,
May Open,2023,2822,May Open,,,,
Mid-America Action,2022,2361,Mid-America Action,,,,
Mid-America Blitz,2021,1957,,,,,
Mid-America Open,1991,,,,,Mid-America Open,
Mid-America Open,1992,,,,,Mid-America Open,
Mid-America Open,1993,,,,,Mid-America Open,
Mid-America Open,1994,,,,,Mid-America Open,
Mid-America Open,1995,,,,,Mid-America Open,
Mid-America Open,1996,,,,,Mid-America Open,
Mid-America Open,2000,,,,,Mid-America Open,
Mid-America Open,2001,,,,,Mid-America Open,
Mid-America Open,2002,,,,,Mid-America Open,
Mid-America Open,2003,,,,,Mid-America Open,
Mid-America Open,2005,,,,,Mid-America Open,
Mid-America Open,2008,,,,,Mid-America Open,
Mid-America Open,2009,,,,,Mid-America Open,
Mid-America Open,2010,,,,,Mid-America Open,
Mid-America Open,2011,,,,,Mid-America Open,
Mid-America Open,2012,,,,,Mid-America Open,
Mid-America Open,2013,,,,,Mid-America Open,Mid-America Open
Mid-America Open,2014,186,,,,Mid-America Open,2014 Mid-America Open
Mid-America Open,2015,401,,,,Mid-America Open,2015 Mid-America Open
Mid-America Open,2016,606,,,,Mid-America Open,2016 Mid-America Open
Mid-America Open,2017,865,,,,Mid-America Open,2017 Mid-America Open
Mid-America Open,2018,1154,,,,Mid-America Open,
Mid-America Open,2019,1414,,,,Mid-America Open,2019 Mid-America Open
Mid-America Open,2020,1898,,,,Mid-America Open,
Mid-America Open,2021,1956,,,,Mid-America Open,
Mid-America Open,2022,2287,,,,Mid-America Open,2022 Mid-America Open
Mid-America Open,2023,2609,,,,Mid-America Open,2023 Mid-America Open
Mid-America Open,2024,3215,Mid-America Open,,,Mid-America Open,2024 Mid-America Open
Mid-America Open,2025,3632,Mid-America Open,,,Mid-America Open,2025 Mid-America Open
Mid-America Open,2026,4180,Mid-America Open,,,Mid-America Open,2026 Mid-America Open
Mid-America Open,2027,,Mid-America Open,2027 Mid-America Open,,,
Midwest Action,2022,2511,Midwest Action,,,,
Midwest Chess Congress,2022,2371,Midwest Chess Congress,,,Midwest Chess Congress,2022 Midwest Chess Congress
Midwest Class Championships,1997,,,,,Midwest Class Championships,
Midwest Class Championships,1998,,,,,Midwest Class Championships,
Midwest Class Championships,1999,,,,,Midwest Class Championships,
Midwest Class Championships,2000,,,,,Midwest Class Championships,
Midwest Class Championships,2001,,,,,Midwest Class Championships,
Midwest Class Championships,2002,,,,,Midwest Class Championships,
Midwest Class Championships,2003,,,,,Midwest Class Championships,
Midwest Class Championships,2004,,,,,Midwest Class Championships,
Midwest Class Championships,2005,,,,,Midwest Class Championships,
Midwest Class Championships,2006,,,,,Midwest Class Championships,
Midwest Class Championships,2007,,,,,Midwest Class Championships,
Midwest Class Championships,2008,,,,,Midwest Class Championships,
Midwest Class Championships,2009,,,,,Midwest Class Championships,
Midwest Class Championships,2010,,,,,Midwest Class Championships,
Midwest Class Championships,2011,,,,,Midwest Class Championships,
Midwest Class Championships,2012,,,,,Midwest Class Championships,Midwest Class Championships
Midwest Class Championships,2013,114,,,,Midwest Class Championships,2013 Midwest Class Championships
Midwest Class Championships,2014,299,,,,Midwest Class Championships,2014 Midwest Class Championships
Midwest Class Championships,2015,534,,,,Midwest Class Championships,2015 Midwest Class Championships
Midwest Class Championships,2016,750,,,,Midwest Class Championships,2016 Midwest Class Championships
Midwest Class Championships,2017,1022,,,,Midwest Class Championships,2017 Midwest Class Championships
Midwest Class Championships,2018,1314,,,,Midwest Class Championships,2018 Midwest Class Championships
Midwest Class Championships,2019,1610,,,,Midwest Class Championships,2019 Midwest Class Championships
Midwest Class Championships,2021,2080,Midwest Class Championships,,,Midwest Class Championships,2021 Midwest Class Championships
Midwest Class Championships,2022,2458,Midwest Class Championships,,,Midwest Class Championships,2022 Midwest Class Championships
Midwest Class Championships,2023,2978,Midwest Class Championships,,,Midwest Class Championships,2023 Midwest Class Championships
Midwest Class Championships,2024,3455,Midwest Class Championships,,,Midwest Class Championships,2024 Midwest Class Championships
Midwest Class Championships,2025,3973,Midwest Class Championships,,,Midwest Class Championships,2025 Midwest Class Championships
Midwest Class Championships,2026,4426,Midwest Class Championships,2026 Midwest Class Championships,https://www.chesstour.com/mwcc26.htm,,
Mountains Open,2021,1920,,,,Mountains Open,
National Chess Congress,1992,,,,,National Chess Congress,
National Chess Congress,1997,,,,,National Chess Congress,
National Chess Congress,1998,,,,,National Chess Congress,
National Chess Congress,1999,,,,,National Chess Congress,
National Chess Congress,2006,,,,,National Chess Congress,
National Chess Congress,2007,,,,,National Chess Congress,
National Chess Congress,2008,,,,,National Chess Congress,
National Chess Congress,2009,,,,,National Chess Congress,
National Chess Congress,2010,,,,,National Chess Congress,
National Chess Congress,2011,,,,,National Chess Congress,
National Chess Congress,2012,,,,,National Chess Congress,National Chess Congress
National Chess Congress,2013,144,,,,National Chess Congress,2013 National Chess Congress
National Chess Congress,2014,322,,,,National Chess Congress,2014 National Chess Congress
National Chess Congress,2015,563,,,,National Chess Congress,2015 National Chess Congress
National Chess Congress,2016,802,,,,National Chess Congress,2016 National Chess Congress
National Chess Congress,2017,1027,,,,National Chess Congress,2017 National Chess Congress
National Chess Congress,2018,1375,,,,National Chess Congress,2018 National Chess Congress
National Chess Congress,2019,1617,,,,National Chess Congress,2019 National Chess Congress
National Chess Congress,2020,1901,,,,National Chess Congress,
National Chess Congress,2021,2095,,,,National Chess Congress,2021 National Chess Congress
National Chess Congress,2022,2466,,,https://www.chesstour.com/ncc22.htm,National Chess Congress,2022 National Chess Congress
National Chess Congress,2023,3035,National Chess Congress,,https://www.chesstour.com/ncc23.htm,National Chess Congress,2023 National Chess Congress
National Chess Congress,2024,3477,National Chess Congress,,https://www.chesstour.com/ncc24.htm,National Chess Congress,2024 National Chess Congress
National Chess Congress,2025,4020,National Chess Congress,,https://www.chesstour.com/ncc25.htm,National Chess Congress,2025 National Chess Congress
National Chess Congress,2026,4427,National Chess Congress,2026 National Chess Congress,https://www.chesstour.com/ncc26.htm,,
National Chess Congress Action,2022,2572,National Chess Congress Action,,,,
National Chess Congress Warmup,2021,2172,National Chess Congress Warmup,,,,
New York State Championship,2001,,,,,New York State Championship,
New York State Championship,2002,,,,,New York State Championship,
New York State Championship,2003,,,,,New York State Championship,
New York State Championship,2004,,,,,New York State Championship,
New York State Championship,2005,,,,,New York State Championship,
New York State Championship,2006,,,,,New York State Championship,
New York State Championship,2007,,,,,New York State Championship,
New York State Championship,2008,,,,,New York State Championship,
New York State Championship,2009,,,,,New York State Championship,
New York State Championship,2010,,,,,New York State Championship,
New York State Championship,2011,,,,,New York State Championship,
New York State Championship,2012,,,,,New York State Championship,
New York State Championship,2013,103,,,,New York State Championship,2013 New York State Championship
New York State Championship,2014,296,,,,New York State Championship,2014 New York State Championship
New York State Championship,2015,543,,,,New York State Championship,2015 New York State Championship
New York State Championship,2016,726,,,,New York State Championship,2016 New York State Championship
New York State Championship,2017,1011,,,,New York State Championship,2017 New York State Championship
New York State Championship,2018,1295,,,,New York State Championship,
New York State Championship,2019,1557,,,,New York State Championship,2019 New York State Championship
New York State Championship,2020,1862,,,,New York State Championship,
New York State Championship,2021,2059,New York State Championship,,,New York State Championship,2021 New York State Championship
New York State Championship,2022,2414,New York State Championship,,,New York State Championship,2022 New York State Championship
New York State Championship,2023,2936,New York State Championship,,,New York State Championship,2023 New York State Championship
New York State Championship,2024,3374,New York State Championship,,,New York State Championship,2024 New York State Championship
New York State Championship,2025,3864,New York State Championship,,,New York State Championship,2025 New York State Championship
New York State Championship,2026,4428,New York State Championship,2026 New York State Championship,,New York State Championship,2026 New York State Championship
New York State High School Championship,2025,3666,New York State High School Championship,,,New York State High School Championship,2025 New York State High School Championship
New York State High School Championship,2026,4181,New York State High School Championship,,,New York State High School Championship,2026 New York State High School Championship
New York State Junior Championships,2021,2154,New York State Junior Championships,,,,2021 New York State Junior Championships
New York State Open,1997,,,,,New York State Open,
New York State Open,1998,,,,,New York State Open,
New York State Open,2000,,,,,New York State Open,
New York State Open,2001,,,,,New York State Open,
New York State Open,2002,,,,,New York State Open,
New York State Open,2003,,,,,New York State Open,
New York State Open,2004,,,,,New York State Open,
New York State Open,2006,,,,,New York State Open,
New York State Open,2007,,,,,New York State Open,
New York State Open,2008,,,,,New York State Open,
New York State Open,2009,,,,,New York State Open,
New York State Open,2010,,,,,New York State Open,
New York State Open,2012,,,,,New York State Open,
New York State Open,2013,,,,,New York State Open,New York State Open
New York State Open,2014,243,,,,New York State Open,2014 New York State Open
New York State Open,2015,426,,,,New York State Open,2015 New York State Open
New York State Open,2016,629,,,,New York State Open,2016 New York State Open
New York State Open,2017,900,,,,New York State Open,2017 New York State Open
New York State Open,2018,,,,,New York State Open,
New York State Open,2019,,,,,New York State Open,
New York State Open,2021,1998,,,,New York State Open,
New York State Open,2024,3306,New York State Open,,,New York State Open,2024 New York State Open
New York State Open,2025,3906,New York State Open,,,New York State Open,2025 New York State Open
New York State Open,2026,4349,New York State Open,2026 New York State Open,,New York State Open,2026 New York State Open
New York State Open and Senior,2018,1213,,,,,2018 New York State Open and Senior
New York State Open and Senior,2019,1499,,,,,2019 New York State Open and Senior
New York State Open and Senior,2020,1777,,,,,
New York State Scholastic Championships Grades K-8,2007,,,,,New York State Scholastic Championships,
New York State Scholastic Championships Grades K-8,2008,,,,,New York State Scholastic Championships,
New York State Scholastic Championships Grades K-8,2009,,,,,New York State Scholastic Championships,
New York State Scholastic Championships Grades K-8,2010,,,,,New York State Scholastic Championships,
New York State Scholastic Championships Grades K-8,2011,,,,,New York State Scholastic Championships,
New York State Scholastic Championships Grades K-8,2014,183,,,,New York State Scholastic Championships,2014 New York State Scholastic Championships
New York State Scholastic Championships Grades K-8,2015,395,,,,New York State Scholastic Championships,
New York State Scholastic Championships Grades K-8,2016,602,,,,New York State Scholastic Championships,2016 New York State Scholastic Championships
New York State Scholastic Championships Grades K-8,2017,859,,,,New York State Scholastic Championships,2017 New York State Scholastic Championships
New York State Scholastic Championships Grades K-8,2018,1113,,,,New York State Scholastic Championships,2018 New York State Scholastic Championships
New York State Scholastic Championships Grades K-8,2019,1394,,,,New York State Scholastic Championships,2019 New York State Scholastic Championships
New York State Scholastic Championships Grades K-8,2020,1698,,,,,
New York State Scholastic Championships Grades K-8,2021,1936,,,,,
New York State Scholastic Championships Grades K-8,2022,2291,New York State Scholastic Championships,,,New York State Scholastic Championships,2022 New York State Scholastic Championships
New York State Scholastic Championships Grades K-8,2023,2606,New York State Scholastic Championships,,,New York State Scholastic Championships,2023 New York State Scholastic Championships
New York State Scholastic Championships Grades K-8,2024,3090,New York State Scholastic Championships,,,New York State Scholastic Championships,2024 New York State Scholastic Championships
New York State Scholastic Championships Grades K-8,2025,3664,New York State Scholastic Championships Grades K-8,,,New York State Scholastic Championships Grades K-8,2025 New York State Scholastic Championships Grades K-8
New York State Scholastic Championships Grades K-8,2026,4183,New York State Scholastic Championships Grades K-8,,,New York State Scholastic Championships Grades K-8,2026 New York State Scholastic Championships Grades K-8
New York State Scholastic Championships WAITLIST,2024,3288,New York State Scholastic Championships WAITLIST,,,,
New York State Senior Championship With Young Adult Mi,2025,3731,New York State Senior Championship With Young Adult Mi,,,New York State Senior Championship With Young Adult Mi,
New York State Senior Championship With Young Adult Mi,2026,4182,New York State Senior Championship With Young Adult Mi,,,New York State Senior Championship With Young Adult Mi,
New York Under 13 Action Championship,2021,2167,New York Under 13 Action Championship,,,,
Niagara Falls Open,2021,2111,Niagara Falls Open,,,,2021 Niagara Falls Open
Niagara Falls Open,2022,2329,Niagara Falls Open,,,Niagara Falls Open,2022 Niagara Falls Open
Niagara Falls Open,2023,2665,Niagara Falls Open,,,Niagara Falls Open,2023 Niagara Falls Open
Niagara Falls Open,2024,3249,Niagara Falls Open,,,Niagara Falls Open,2024 Niagara Falls Open
Niagara Falls Open,2025,3720,Niagara Falls Open,,,Niagara Falls Open,2025 Niagara Falls Open
North American Action,2021,2238,North American Action,,,,
North American Blitz,2020,1916,,,,,
North American Blitz Championship,2020,,,,,North American Blitz Championship,
North American Blitz Championship,2022,2568,North American Blitz Championship,,,,
North American Blitz Championship,2023,3148,North American Blitz Championship,,,,
North American Blitz Championship,2024,3526,North American Blitz Championship,,,,
North American Blitz Championship,2025,4030,North American Blitz Championship,,,,
North American Blitz Championship,2026,4429,North American Blitz Championship,2026 North American Blitz Championship,https://www.chesstour.com/naob26.htm,,
North American Class,2021,1958,,,,,
North American Open,1992,,,,,North American Open,
North American Open,1997,,,,,North American Open,
North American Open,1998,,,,,North American Open,
North American Open,1999,,,,,North American Open,
North American Open,2000,,,,,North American Open,
North American Open,2001,,,,,North American Open,
North American Open,2003,,,,,North American Open,
North American Open,2004,,,,,North American Open,
North American Open,2006,,,,,North American Open,
North American Open,2007,,,,,North American Open,
North American Open,2008,,,,,North American Open,
North American Open,2009,,,,,North American Open,
North American Open,2010,,,,,North American Open,
North American Open,2011,,,,,North American Open,
North American Open,2012,,,,,North American Open,North American Open
North American Open,2013,150,,,,North American Open,2013 North American Open
North American Open,2014,317,,,,North American Open,2014 North American Open
North American Open,2015,551,,,,North American Open,2015 North American Open
North American Open,2016,801,,,,North American Open,2016 North American Open
North American Open,2017,1021,,,,North American Open,2017 North American Open
North American Open,2018,1316,,,,North American Open,2018 North American Open
North American Open,2019,1611,,,,North American Open,2019 North American Open
North American Open,2020,1902,,,,North American Open,
North American Open,2021,2087,,,,North American Open,2021 North American Open
North American Open,2022,2491,,,https://www.chesstour.com/nao22.htm,North American Open,2022 North American Open
North American Open,2023,2985,North American Open,,https://www.chesstour.com/nao23.htm,North American Open,2023 North American Open
North American Open,2024,3479,North American Open,,https://www.chesstour.com/nao24.htm,North American Open,2024 North American Open
North American Open,2025,4022,North American Open,,https://www.chesstour.com/nao25.htm,North American Open,2025 North American Open
North American Open,2026,4430,North American Open,2026 North American Open,https://www.chesstour.com/nao26.htm,,
North American Scholastics,2020,1861,,,,North American Scholastics,
North American Scholastics,2021,2221,North American Scholastics,,,,2021 North American Scholastics
North American Under 13,2021,2000,,,,,
Northeast Open,2003,,,,,Northeast Open,
Northeast Open,2005,,,,,Northeast Open,
Northeast Open,2006,,,,,Northeast Open,
Northeast Open,2007,,,,,Northeast Open,
Northeast Open,2008,,,,,Northeast Open,
Northeast Open,2009,,,,,Northeast Open,
Northeast Open,2010,,,,,Northeast Open,
Northeast Open,2011,,,,,Northeast Open,
Northeast Open,2012,,,,,Northeast Open,
Northeast Open,2013,,,,,Northeast Open,Northeast Open
Northeast Open,2014,254,,,,Northeast Open,2014 Northeast Open
Northeast Open,2015,430,,,,Northeast Open,2015 Northeast Open
Northeast Open,2016,715,,,,Northeast Open,2016 Northeast Open
Northeast Open,2017,918,,,,Northeast Open,2017 Northeast Open
Northeast Open,2018,1219,,,,Northeast Open,2018 Northeast Open
Northeast Open,2019,1447,,,,Northeast Open,2019 Northeast Open
Northeast Open,2020,1779,,,,,
Northeast Open,2021,2110,Northeast Open,,,Northeast Open,2021 Northeast Open
Northeast Open,2022,2370,Northeast Open,,,Northeast Open,2022 Northeast Open
November Classic,2023,3129,November Classic,,,,
November Open,2020,1899,,,,,
November Open,2021,2233,November Open,,,,
November Open,2022,2565,November Open,,,,
October Game 7,2020,1892,,,,,
October Open,2020,1889,,,,,
October Open,2021,2170,October Open,,,,
October Open,2022,2546,October Open,,,,
October Open,2023,3091,October Open,,,,
Pacific Coast Open,1997,,,,,Pacific Coast Open,
Pacific Coast Open,1998,,,,,Pacific Coast Open,
Pacific Coast Open,1999,,,,,Pacific Coast Open,
Pacific Coast Open,2000,,,,,Pacific Coast Open,
Pacific Coast Open,2004,,,,,Pacific Coast Open,
Pacific Coast Open,2005,,,,,Pacific Coast Open,
Pacific Coast Open,2006,,,,,Pacific Coast Open,
Pacific Coast Open,2007,,,,,Pacific Coast Open,
Pacific Coast Open,2008,,,,,Pacific Coast Open,
Pacific Coast Open,2009,,,,,Pacific Coast Open,
Pacific Coast Open,2010,,,,,Pacific Coast Open,
Pacific Coast Open,2011,,,,,Pacific Coast Open,
Pacific Coast Open,2012,,,,,Pacific Coast Open,
Pacific Coast Open,2013,,,,,Pacific Coast Open,Pacific Coast Open
Pacific Coast Open,2014,258,,,,Pacific Coast Open,2014 Pacific Coast Open
Pacific Coast Open,2015,488,,,,Pacific Coast Open,2015 Pacific Coast Open
Pacific Coast Open,2016,710,,,,Pacific Coast Open,2016 Pacific Coast Open
Pacific Coast Open,2017,956,,,,Pacific Coast Open,2017 Pacific Coast Open
Pacific Coast Open,2018,1232,,,,Pacific Coast Open,2018 Pacific Coast Open
Pacific Coast Open,2019,1502,,,,Pacific Coast Open,2019 Pacific Coast Open
Pacific Coast Open,2020,1876,,,,Pacific Coast Open,
Pacific Coast Open,2021,2009,,,,Pacific Coast Open,2021 Pacific Coast Open
Pacific Coast Open,2022,2388,Pacific Coast Open,,,Pacific Coast Open,2022 Pacific Coast Open
Pacific Coast Open,2023,2795,Pacific Coast Open,,,Pacific Coast Open,2023 Pacific Coast Open
Pacific Coast Open,2024,3330,Pacific Coast Open,,,Pacific Coast Open,2024 Pacific Coast Open
Pacific Coast Open,2025,3861,Pacific Coast Open,,,Pacific Coast Open,2025 Pacific Coast Open
Pacific Coast Open,2026,4415,Pacific Coast Open,2026 Pacific Coast Open,,Pacific Coast Open,2026 Pacific Coast Open
Peter Henner Memorial,2017,1247,,,,Peter Henner Memorial,
Peter Henner Memorial,2018,966,,,,Peter Henner Memorial,2018 Peter Henner Memorial
Peter Henner Memorial,2019,1613,,,,Peter Henner Memorial,2019 Peter Henner Memorial
Peter Henner Memorial,2021,2046,,,,Peter Henner Memorial,2021 Peter Henner Memorial
Pittsburgh Open,1997,,,,,Pittsburgh Open,
Pittsburgh Open,2004,,,,,Pittsburgh Open,
Pittsburgh Open,2005,,,,,Pittsburgh Open,
Pittsburgh Open,2011,,,,,Pittsburgh Open,
Pittsburgh Open,2012,,,,,Pittsburgh Open,
Pittsburgh Open,2013,,,,,Pittsburgh Open,Pittsburgh Open
Pittsburgh Open,2014,242,,,,Pittsburgh Open,2014 Pittsburgh Open
Pittsburgh Open,2015,396,,,,Pittsburgh Open,
Pittsburgh Open,2016,599,,,,Pittsburgh Open,2016 Pittsburgh Open
Pittsburgh Open,2017,1244,,,,Pittsburgh Open,
Pittsburgh Open,2018,953,,,,Pittsburgh Open,2018 Pittsburgh Open
Pittsburgh Open,2019,1504,,,,Pittsburgh Open,2019 Pittsburgh Open
Pittsburgh Open,2020,1880,,,,Pittsburgh Open,
Pittsburgh Open,2021,2044,,,,Pittsburgh Open,2021 Pittsburgh Open
Pittsburgh Open,2022,2394,Pittsburgh Open,,,Pittsburgh Open,2022 Pittsburgh Open
Pittsburgh Open,2023,2805,Pittsburgh Open,,,Pittsburgh Open,2023 Pittsburgh Open
Pittsburgh Open,2024,3327,Pittsburgh Open,,,Pittsburgh Open,2024 Pittsburgh Open
Pittsburgh Open,2025,3837,Pittsburgh Open,,,Pittsburgh Open,2025 Pittsburgh Open
Pittsburgh Open,2026,4414,Pittsburgh Open,2026 Pittsburgh Open,,Pittsburgh Open,2026 Pittsburgh Open
Schenectady Open,2016,720,,,,Schenectady Open,2016 Schenectady Open
Schenectady Open,2019,,,,,Schenectady Open,
Schenectady Open at Proctors,2019,1657,,,,,2019 Schenectady Open at Proctors
September Action,2020,1871,,,,,
September Action,2023,3079,September Action,,,,
September Blitz,2020,1879,,,,,
September Open,2020,1873,,,,,
September Open,2021,2129,September Open,,,,
September Open,2022,2508,September Open,,,,
September Open,2023,3056,September Open,,,,
September Quick,2020,1874,,,,,
September Rapid,2020,1872,,,,,
Southern Chess Congress,2016,711,,,,Southern Chess Congress,2016 Southern Chess Congress
Southern Class Championships,2010,,,,,Southern Class Championships,
Southern Class Championships,2012,,,,,Southern Class Championships,
Southern Class Championships,2013,,,,,Southern Class Championships,Southern Class Championships
Southern Class Championships,2014,237,,,,Southern Class Championships,2014 Southern Class Championships
Southern Class Championships,2015,405,,,,Southern Class Championships,2015 Southern Class Championships
Southern Class Championships,2016,746,,,,Southern Class Championships,2016 Southern Class Championships
Southern Class Championships,2017,892,,,,Southern Class Championships,2017 Southern Class Championships
Southern Class Championships,2018,1126,,,,Southern Class Championships,2018 Southern Class Championships
Southern Class Championships,2019,1409,,,,Southern Class Championships,2019 Southern Class Championships
Southern Class Championships,2020,1702,,,,,
Southern Class Championships,2021,1947,,,,Southern Class,
Southern Class Championships,2022,2286,Southern Class,,https://www.chesstour.com/scc22.htm,Southern Class,2022 Southern Class
Southern Class Championships,2023,2608,Southern Class,,https://www.chesstour.com/scc23.htm,Southern Class,2023 Southern Class
Southern Class Championships,2024,3214,Southern Class,,https://www.chesstour.com/scc24.htm,Southern Class,2024 Southern Class
Southern Class Championships,2025,3684,Southern Class,,https://www.chesstour.com/scc25.htm,Southern Class,2025 Southern Class
Southern Class Championships,2026,4289,Southern Class,,https://www.chesstour.com/scc26.htm,Southern Class,2026 Southern Class
Southern Class Championships,2027,4438,Southern Class,2027 Southern Class,,,
Southern Open,1998,,,,,Southern Open,
Southern Open,1999,,,,,Southern Open,
Southern Open,2000,,,,,Southern Open,
Southern Open,2001,,,,,Southern Open,
Southern Open,2002,,,,,Southern Open,
Southern Open,2004,,,,,Southern Open,
Southern Open,2006,,,,,Southern Open,
Southern Open,2007,,,,,Southern Open,
Southern Open,2008,,,,,Southern Open,
Southern Open,2009,,,,,Southern Open,
Southern Open,2010,,,,,Southern Open,
Southern Open,2011,,,,,Southern Open,
Southern Open,2012,,,,,Southern Open,
Southern Open,2013,77,,,,Southern Open,2013 Southern Open
Southern Open,2014,297,,,,Southern Open,2014 Southern Open
Southern Open,2015,490,,,,Southern Open,2015 Southern Open
Southern Open,2016,712,,,,Southern Open,2016 Southern Open
Southern Open,2017,1246,,,,Southern Open,
Southern Open,2018,967,,,,Southern Open,2018 Southern Open
Southern Open,2019,1500,,,,Southern Open,2019 Southern Open
Southern Open,2020,1891,,,,Southern Open,
Southern Open,2021,1993,,,,Southern Open,2021 Southern Open
Southern Open,2022,2390,Southern Open,,,Southern Open,2022 Southern Open
Southern Open,2023,2811,Southern Open,,,Southern Open,2023 Southern Open
Southern Open,2024,3329,Southern Open,,,Southern Open,2024 Southern Open
Southern Open,2025,3834,Southern Open,,,Southern Open,2025 Southern Open
Southern Open,2026,4431,Southern Open,2026 Southern Open,,Southern Open,2026 Southern Open
Southern Open Blitz,2020,1894,,,,,
Southwest Action,2022,2304,Southwest Action,,,,
Southwest Class Blitz,2021,1933,,,,,
Southwest Class Championships,2015,377,,,,Southwest Class,2015 Southwest Class
Southwest Class Championships,2016,580,,,,Southwest Class,2016 Southwest Class
Southwest Class Championships,2017,844,,,,Southwest Class,2017 Southwest Class
Southwest Class Championships,2018,1100,,,,Southwest Class,2018 Southwest Class
Southwest Class Championships,2019,1391,,,,Southwest Class,2019 Southwest Class
Southwest Class Championships,2020,1674,,,,Southwest Class,2020 Southwest Class
Southwest Class Championships,2021,1932,,,,Southwest Class,
Southwest Class Championships,2022,2235,Southwest Class Championships,,https://www.chesstour.com/swcc22.htm,Southwest Class Championships,2022 Southwest Class Championships
Southwest Class Championships,2023,2569,Southwest Class Championships,,https://www.chesstour.com/swcc23.htm,Southwest Class Championships,2023 Southwest Class Championships
Southwest Class Championships,2024,3153,Southwest Class Championships,,https://www.chesstour.com/swcc24.htm,Southwest Class Championships,2024 Southwest Class Championships
Southwest Class Championships,2025,3597,Southwest Class Championships,,https://www.chesstour.com/swcc25.htm,Southwest Class Championships,2025 Southwest Class Championships
Southwest Class Championships,2026,4147,Southwest Class Championships,,https://www.chesstour.com/swcc26.htm,Southwest Class Championships,2026 Southwest Class Championships
Southwest Class Championships,2027,4439,Southwest Class Championships,2027 Southwest Class Championships,,,
Stamford Open,2016,799,,,,Stamford Open,2016 Stamford Open
Stamford Open,2017,1090,,,,Stamford Open,2017 Stamford Open
Stamford Open,2018,1374,,,,Stamford Open,2018 Stamford Open
Stamford Open,2019,1630,,,,Stamford Open,2019 Stamford Open
Susan Kantor Memorial,2021,2184,Susan Kantor Memorial,,,,
Washington Chess Congress,2014,295,,,,Washington Chess Congress,2014 Washington Chess Congress
Washington Chess Congress,2015,522,,,,Washington Chess Congress,2015 Washington Chess Congress
Washington Chess Congress,2016,709,,,,Washington Chess Congress,2016 Washington Chess Congress
Washington Chess Congress,2017,1016,,,,Washington Chess Congress,2017 Washington Chess Congress
Washington Chess Congress,2018,1270,,,,Washington Chess Congress,2018 Washington Chess Congress
Washington Chess Congress,2019,1575,,,,Washington Chess Congress,2019 Washington Chess Congress
Washington Chess Congress,2021,2079,Washington Chess Congress,,,Washington Chess Congress,2021 Washington Chess Congress
Washington Chess Congress,2023,2981,Washington Chess Congress,,,Washington Chess Congress,2023 Washington Chess Congess
Western Action,2002,,,,,Western Action,
Western Action,2022,2334,Western Action,,,,
Western Class Blitz,2021,1938,,,,,
Western Class Championships,1998,,,,,Western Class Championships,
Western Class Championships,1999,,,,,Western Class Championships,
Western Class Championships,2002,,,,,Western Class Championships,
Western Class Championships,2003,,,,,Western Class Championships,
Western Class Championships,2005,,,,,Western Class Championships,
Western Class Championships,2006,,,,,Western Class Championships,
Western Class Championships,2007,,,,,Western Class Championships,
Western Class Championships,2008,,,,,Western Class Championships,
Western Class Championships,2009,,,,,Western Class Championships,
Western Class Championships,2010,,,,,Western Class Championships,
Western Class Championships,2011,,,,,Western Class Championships,
Western Class Championships,2012,,,,,Western Class Championships,
Western Class Championships,2013,,,,,Western Class Championships,Western Class Championships
Western Class Championships,2014,184,,,,Western Class Championships,2014 Western Class Championships
Western Class Championships,2015,403,,,,Western Class Championships,2015 Western Class Championships
Western Class Championships,2016,591,,,,Western Class Championships,2016 Western Class Championships
Western Class Championships,2017,863,,,,Western Class Championships,2017 Western Class Championships
Western Class Championships,2018,1124,,,,Western Class Championships,2018 Western Class Championships
Western Class Championships,2019,1393,,,,Western Class Championships,2019 Western Class Championships
Western Class Championships,2020,1696,,,,Western Class Championships,2020 Western Class Championships
Western Class Championships,2021,1937,,,,Western Class,
Western Class Championships,2022,2263,Western Class,,https://www.chesstour.com/wcc22.htm,Western Class,2022 Western Class
Western Class Championships,2023,2604,Western Class,,https://www.chesstour.com/wcc23.htm,Western Class,2023 Western Class
Western Class Championships,2024,3179,Western Class Championships,,https://www.chesstour.com/wcc24.htm,Western Class Championships,2024 Western Class Championshps
Western Class Championships,2025,3596,Western Class Championships,,https://www.chesstour.com/wcc25.htm,Western Class Championships,2025 Western Class Championshps
Western Class Championships,2026,4179,Western Class Championships,,https://www.chesstour.com/wcc26.htm,Western Class Championships,2026 Western Class Championshps
Western Class Championships,2027,,Western Class Championships,2027 Western Class Championshps,,,
World Open Action,2017,906,,,,,
World Open Action,2018,1178,,,,,
World Open Action,2019,1517,,,,,
World Open Action,2020,1838,,,,,
World Open Action,2021,2006,,,,,
World Open Action,2022,2403,World Open Action,,,,
World Open Action,2023,2678,World Open Action,,,,
World Open Action,2025,4019,World Open Action,,,,
World Open Action,2026,4405,World Open Action,,,,
World Open Amateur,2022,2313,World Open Amateur,,,,2022 World Open Amateur
World Open Amateur,2023,2676,World Open Amateur,,,,2023 World Open Amateur
World Open Amateur,2024,3322,World Open Amateur,,,,2024 World Open Amateur
World Open Amateur,2025,3875,World Open Amateur,,,,2025 World Open Amateur
World Open Amateur,2026,,,,,,2026 World Open Amateur
World Open Blitz,2020,1836,,,,,
World Open Blitz Championship,2021,2053,,,,,
World Open Blitz Championship,2022,2443,World Open Blitz Championship,,,,
World Open Blitz Championship,2023,2684,World Open Blitz Championship,,,,
World Open Blitz Championship,2024,3326,World Open Blitz Championship,,,,
World Open Blitz Championship,2025,3902,World Open Blitz Championship,,,,
World Open Blitz Championship,2026,4408,World Open Blitz Championship,,,,
World Open FIDE U2200,2022,2312,World Open FIDE U2200,,,,2022 World Open FIDE U2200
World Open FIDE U2400,2022,2314,World Open FIDE U2400,,,,2022 World Open FIDE U2400
World Open G 10,2020,1840,,,,,
World Open G 10 Championship,2021,2054,,,,,
World Open G 10 Championship,2022,2442,World Open G 10 Championship,,,,
World Open G 10 Championship,2023,2689,World Open G 10 Championship,,,,
World Open G 10 Championship,2024,3325,World Open G 10 Championship,,,,
World Open G 10 Championship,2025,3901,World Open G 10 Championship,,,,
World Open G 10 Championship,2026,4397,World Open G 10 Championship,,,,
World Open G 45,2020,1837,,,,,
World Open G 50 Championship,2026,4409,World Open G 50 Championship,,,,
World Open G7 Championship,2020,1860,,,,,
World Open G7 Championship,2021,2010,,,,,
World Open G7 Championship,2022,2322,World Open G7 Championship,,,,
World Open G7 Championship,2023,2681,World Open G7 Championship,,,,
World Open G7 Championship,2024,3324,World Open G7 Championship,,,,
World Open G7 Championship,2025,3900,World Open G7 Championship,,,,
World Open G7 Championship,2026,4396,World Open G7 Championship,,,,
World Open Junior Championship,2023,2677,World Open Junior Championship,,,,2023 World Open Junior Championship
World Open Junior Championship,2024,3323,World Open Junior Championship,,,,2024 World Open Junior Championship
World Open Senior,2016,647,,,,,2016 World Open Senior
World Open Senior,2017,903,,,,,2017 World Open Senior
World Open Senior Amateur,2013,,,,,,World Open Senior Amateur
World Open Senior Amateur,2014,250,,,,,2014 World Open Senior Amateur
World Open Senior Amateur,2015,425,,,,,2015 World Open Senior Amateur
World Open Senior Amateur,2018,1176,,,,,2018 World Open Senior Amateur
World Open Senior Amateur,2019,1445,,,,,2019 World Open Senior Amateur
World Open Senior Amateur,2020,1841,,,,,
World Open Senior Amateur,2021,2007,,,,,2021 World Open Senior Amateur
World Open Senior Amateur,2022,2309,World Open Senior Amateur,,,,2022 World Open Senior Amateur
World Open Senior Amateur,2023,2679,World Open Senior Amateur,,,,2023 World Open Senior Amateur
World Open Senior Amateur,2024,3320,World Open Senior Amateur,,,,2024 World Open Senior Amateur
World Open Senior Amateur,2025,3876,World Open Senior Amateur,,,,2025 World Open Senior Amateur
World Open Senior Amateur,2026,,,,,,2026 World Open Senior Amateur
World Open Under 13 Championship,2009,,,,,World Open Under 13,
World Open Under 13 Championship,2013,,,,,,World Open Under 13
World Open Under 13 Championship,2014,251,,,,,2014 World Open Under 13 Championship
World Open Under 13 Championship,2015,455,,,,,2015 World Open Under 13 Championship
World Open Under 13 Championship,2016,648,,,,,2016 World Open Under 13 Championship
World Open Under 13 Championship,2017,920,,,,,2017 World Open Under 13 Championship
World Open Under 13 Championship,2018,1186,,,,,2018 World Open Under 13 Championship
World Open Under 13 Championship,2019,1516,,,,,2019 World Open Under 13 Championship
World Open Under 13 Championship,2020,1839,,,,World Open Under 13,
World Open Under 13 Championship,2021,2011,,,,,2021 World Open Under 13 Championship
World Open Under 13 Championship,2022,2308,World Open Under 13,,,,2022 World Open Under 13 Championship
World Open Under 13 Championship,2023,2675,World Open Under 13,,,,2023 World Open Under 13 Championship
World Open Under 13 Championship,2024,3319,World Open Under 13,,,,2024 World Open Under 13 Championship
World Open Under 13 Championship,2025,3874,World Open Under 13,,,,2025 World Open Under 13 Championship
World Open Under 13 Championship,2026,4432,World Open Under 13 Championship,2026 World Open Under 13 Championship,,,2026 World Open Under 13 Championship
World Open Warmup,2017,904,,,,,2017 World Open Warmup
World Open Warmup,2019,1444,,,,,2019 World Open Warmup
World Open Warmup,2020,1858,,,,,
World Open Warmup,2021,2008,,,,,2021 World Open Warmup
World Open Womens Championship,2014,244,,,,,
World Open Womens Championship,2016,454,,,,,2016 World Open Womens Championship
World Open Womens Championship,2017,905,,,,,
World Open Womens Championship,2018,1177,,,,,2018 World Open Womens Championship
World Open Womens Championship,2019,1446,,,,,2019 World Open Womens Championship
World Open Womens Championship,2020,1859,,,,,
World Open Womens Championship,2021,2045,,,,,2021 World Open Womens Championship
World Open Womens Championship,2022,2321,World Open Womens Championship,,,,
World Open Womens Championship,2023,2680,World Open Womens Championship,,,,
World Open Womens Championship,2024,3321,World Open Womens Championship,,,,2024 World Open Womens Championship
World Open Womens Championship,2025,3877,World Open Womens Championship,,,,2025 World Open Womens Championship
World Open Womens Championship,2026,,,,,,2026 World Open Womens Championship
World Open lower sections,2023,2672,World Open lower sections,,,World Open lower sections,"2023 World Open, lower sections"
World Open lower sections,2024,3310,World Open lower sections,,,World Open lower sections,"2024 World Open, lower sections"
World Open lower sections,2025,3688,World Open lower sections,,,World Open lower sections,"2025 World Open, lower sections"
World Open lower sections,2026,4249,World Open lower sections,"2026 World Open, lower sections",,World Open lower sections,"2026 World Open, lower sections"
World Open top 6 sections,1986,,,,,World Open,
World Open top 6 sections,1992,,,,,World Open,
World Open top 6 sections,1993,,,,,World Open,
World Open top 6 sections,1994,,,,,World Open,
World Open top 6 sections,1995,,,,,World Open,
World Open top 6 sections,1996,,,,,World Open,
World Open top 6 sections,1997,,,,,World Open,
World Open top 6 sections,1998,,,,,World Open,
World Open top 6 sections,1999,,,,,World Open,
World Open top 6 sections,2000,,,,,World Open,
World Open top 6 sections,2001,,,,,World Open,
World Open top 6 sections,2002,,,,,World Open,
World Open top 6 sections,2004,,,,,World Open,
World Open top 6 sections,2005,,,,,World Open,
World Open top 6 sections,2006,,,,,World Open,
World Open top 6 sections,2007,,,,,World Open,
World Open top 6 sections,2008,,,,,World Open,
World Open top 6 sections,2009,,,,,World Open,
World Open top 6 sections,2010,,,,,World Open,
World Open top 6 sections,2011,,,,,World Open,
World Open top 6 sections,2012,,,,,World Open,
World Open top 6 sections,2013,,,,,World Open,World Open
World Open top 6 sections,2014,252,,,,World Open,2014 World Open
World Open top 6 sections,2015,424,,,,World Open,2015 World Open
World Open top 6 sections,2016,645,,,,World Open,2016 World Open
World Open top 6 sections,2017,901,,,,World Open,2017 World Open
World Open top 6 sections,2018,1174,,,,World Open,2018 World Open
World Open top 6 sections,2019,1442,,,,World Open,2019 World Open
World Open top 6 sections,2020,1842,,,,World Open,
World Open top 6 sections,2021,2002,,,,World Open,2021 World Open
World Open top 6 sections,2022,2305,World Open,,https://www.chesstour.com/wo22.htm,World Open,2022 World Open
World Open top 6 sections,2023,2670,World Open top 6 sections,,https://www.chesstour.com/wo23.htm,World Open top 6 sections,"2023 World Open, top 6 sections"
World Open top 6 sections,2024,3309,World Open top 6 sections,,https://www.chesstour.com/wo24.htm,World Open top 6 sections,"2024 World Open, top 6 sections"
World Open top 6 sections,2025,3687,World Open top 6 sections,,https://www.chesstour.com/wo25.htm,World Open top 6 sections,"2025 World Open, top 6 sections"
World Open top 6 sections,2026,4248,World Open top 6 sections,"2026 World Open, top 6 sections",https://www.chesstour.com/wo26.htm,World Open top 6 sections,"2026 World Open, top 6 sections"
Youth Rapid Chess Challenge,2022,2319,Youth Rapid Chess Challenge,,,,
