as_of_date,run_ts,origin,published,family,year,event_start,T,days_remaining,status,count,gross_count,withdrawal_count,point,ci_lower,ci_upper,ci_level,route,tier,low_confidence,is_stale,model_label,model_hash,code_commit
2026-09-27,2026-09-27 12:00:52,nightly,1,Midwest Class Championships,2026,2026-10-09,12,12,live,58,58,0,261,238,285,0.8,model,roster-pending,0,0,n5v4,7485c99505796f8f,3f4dc3164d91
2026-09-27,2026-09-27 12:00:52,nightly,1,Eastern Class Championships,2026,2026-10-16,19,19,live,52,52,0,231,204,261,0.8,model,roster-pending,0,0,n5v4,7485c99505796f8f,3f4dc3164d91
2026-09-27,2026-09-27 12:00:52,nightly,1,Eastern Chess Congress,2026,2026-10-23,26,26,live,54,54,2,458,406,517,0.8,model,roster-pending,0,0,n5v4,7485c99505796f8f,3f4dc3164d91
2026-09-27,2026-09-27 12:00:52,nightly,1,Los Angeles Open,2026,2026-11-06,40,40,live,40,40,1,394,369,421,0.8,model,roster-pending,0,0,n5v4,7485c99505796f8f,3f4dc3164d91
2026-09-27,2026-09-27 12:00:52,nightly,1,Kings Island Open,2026,2026-11-13,47,47,live,17,17,0,350,326,375,0.8,model,roster-pending,0,0,n5v4,7485c99505796f8f,3f4dc3164d91
2026-09-27,2026-09-27 12:00:52,nightly,1,National Chess Congress,2026,2026-11-27,61,61,live,32,32,0,623,572,677,0.8,metadata_historical_avg,roster-pending,1,0,n5v4,7485c99505796f8f,3f4dc3164d91
2026-09-27,2026-09-27 12:00:52,nightly,1,North American Open,2026,2026-12-26,90,90,live,294,294,2,1207,1105,1317,0.8,model,roster-pending,0,0,n5v4,7485c99505796f8f,3f4dc3164d91
2026-09-27,2026-09-27 12:00:52,nightly,1,Eastern Open,2026,2026-12-26,90,90,live,2,2,0,387,367,404,0.8,metadata_historical_avg,roster-pending,1,0,n5v4,7485c99505796f8f,3f4dc3164d91
2026-09-27,2026-09-27 12:00:52,nightly,1,Boston Chess Congress,2027,2027-01-08,103,103,live,2,2,0,338,278,387,0.8,metadata_historical_avg,roster-pending,1,0,n5v4,7485c99505796f8f,3f4dc3164d91
2026-09-27,2026-09-27 12:00:52,nightly,1,Golden State Open,2027,2027-01-15,110,110,live,0,0,0,316,274,382,0.8,metadata_historical_avg,roster-pending,1,0,n5v4,7485c99505796f8f,3f4dc3164d91
2026-09-27,2026-09-27 12:00:52,nightly,1,Liberty Bell Open,2027,2027-01-15,110,110,live,2,2,0,449,324,547,0.8,metadata_historical_avg,roster-pending,1,0,n5v4,7485c99505796f8f,3f4dc3164d91
2026-09-27,2026-09-27 12:00:52,nightly,1,Southwest Class Championships,2027,2027-02-11,137,137,live,0,0,0,438,391,490,0.8,metadata_historical_avg,roster-pending,1,0,n5v4,7485c99505796f8f,3f4dc3164d91
2026-09-27,2026-09-27 12:00:52,nightly,1,George Washington Open,2027,2027-02-26,152,152,live,1,1,0,264,225,313,0.8,metadata_historical_avg,roster-pending,1,0,n5v4,7485c99505796f8f,3f4dc3164d91
2026-09-27,2026-09-27 12:00:52,nightly,1,Western Class Championships,2027,2027-03-12,166,166,live,0,0,0,348,285,405,0.8,metadata_historical_avg,roster-pending,1,0,n5v4,7485c99505796f8f,3f4dc3164d91
2026-09-27,2026-09-27 12:00:52,nightly,1,Mid-America Open,2027,2027-03-19,173,173,live,0,0,0,283,231,324,0.8,metadata_historical_avg,roster-pending,1,0,n5v4,7485c99505796f8f,3f4dc3164d91
2026-09-27,2026-09-27 12:00:52,nightly,1,Southern Class Championships,2027,2027-03-19,173,173,live,1,1,0,214,182,261,0.8,metadata_historical_avg,roster-pending,1,0,n5v4,7485c99505796f8f,3f4dc3164d91
2026-09-27,2026-09-27 12:00:52,nightly,1,Atlantic City Open,2027,2027-03-24,178,178,live,1,1,0,465,419,523,0.8,metadata_historical_avg,roster-pending,1,0,n5v4,7485c99505796f8f,3f4dc3164d91
2026-09-27,2026-09-27 12:49:44,nightly,1,Midwest Class Championships,2026,2026-10-09,12,12,live,58,58,0,261,238,285,0.8,model,roster-pending,0,0,n5v4,6f8d034187312792,52abf1e7fdaf
2026-09-27,2026-09-27 12:49:44,nightly,1,Eastern Class Championships,2026,2026-10-16,19,19,live,52,52,0,231,204,261,0.8,model,roster-pending,0,0,n5v4,6f8d034187312792,52abf1e7fdaf
2026-09-27,2026-09-27 12:49:44,nightly,1,Eastern Chess Congress,2026,2026-10-23,26,26,live,54,54,2,458,406,517,0.8,model,roster-pending,0,0,n5v4,6f8d034187312792,52abf1e7fdaf
2026-09-27,2026-09-27 12:49:44,nightly,1,Los Angeles Open,2026,2026-11-06,40,40,live,40,40,1,394,369,421,0.8,model,roster-pending,0,0,n5v4,6f8d034187312792,52abf1e7fdaf
2026-09-27,2026-09-27 12:49:44,nightly,1,Kings Island Open,2026,2026-11-13,47,47,live,17,17,0,350,326,375,0.8,model,roster-pending,0,0,n5v4,6f8d034187312792,52abf1e7fdaf
2026-09-27,2026-09-27 12:49:44,nightly,1,National Chess Congress,2026,2026-11-27,61,61,live,32,32,0,623,572,677,0.8,metadata_historical_avg,roster-pending,1,0,n5v4,6f8d034187312792,52abf1e7fdaf
2026-09-27,2026-09-27 12:49:44,nightly,1,North American Open,2026,2026-12-26,90,90,live,294,294,2,1207,1105,1317,0.8,model,roster-pending,0,0,n5v4,6f8d034187312792,52abf1e7fdaf
2026-09-27,2026-09-27 12:49:44,nightly,1,Eastern Open,2026,2026-12-26,90,90,live,2,2,0,387,367,404,0.8,metadata_historical_avg,roster-pending,1,0,n5v4,6f8d034187312792,52abf1e7fdaf
2026-09-27,2026-09-27 12:49:44,nightly,1,Boston Chess Congress,2027,2027-01-08,103,103,live,2,2,0,338,278,387,0.8,metadata_historical_avg,roster-pending,1,0,n5v4,6f8d034187312792,52abf1e7fdaf
2026-09-27,2026-09-27 12:49:44,nightly,1,Golden State Open,2027,2027-01-15,110,110,live,0,0,0,316,274,382,0.8,metadata_historical_avg,roster-pending,1,0,n5v4,6f8d034187312792,52abf1e7fdaf
2026-09-27,2026-09-27 12:49:44,nightly,1,Liberty Bell Open,2027,2027-01-15,110,110,live,2,2,0,449,324,547,0.8,metadata_historical_avg,roster-pending,1,0,n5v4,6f8d034187312792,52abf1e7fdaf
2026-09-27,2026-09-27 12:49:44,nightly,1,Southwest Class Championships,2027,2027-02-11,137,137,live,0,0,0,438,391,490,0.8,metadata_historical_avg,roster-pending,1,0,n5v4,6f8d034187312792,52abf1e7fdaf
2026-09-27,2026-09-27 12:49:44,nightly,1,George Washington Open,2027,2027-02-26,152,152,live,1,1,0,264,225,313,0.8,metadata_historical_avg,roster-pending,1,0,n5v4,6f8d034187312792,52abf1e7fdaf
2026-09-27,2026-09-27 12:49:44,nightly,1,Western Class Championships,2027,2027-03-12,166,166,live,0,0,0,348,285,405,0.8,metadata_historical_avg,roster-pending,1,0,n5v4,6f8d034187312792,52abf1e7fdaf
2026-09-27,2026-09-27 12:49:44,nightly,1,Mid-America Open,2027,2027-03-19,173,173,live,0,0,0,283,231,324,0.8,metadata_historical_avg,roster-pending,1,0,n5v4,6f8d034187312792,52abf1e7fdaf
2026-09-27,2026-09-27 12:49:44,nightly,1,Southern Class Championships,2027,2027-03-19,173,173,live,1,1,0,214,182,261,0.8,metadata_historical_avg,roster-pending,1,0,n5v4,6f8d034187312792,52abf1e7fdaf
2026-09-27,2026-09-27 12:49:44,nightly,1,Atlantic City Open,2027,2027-03-24,178,178,live,1,1,0,465,419,523,0.8,metadata_historical_avg,roster-pending,1,0,n5v4,6f8d034187312792,52abf1e7fdaf
2026-09-27,2026-09-27 13:19:58,nightly,1,Midwest Class Championships,2026,2026-10-09,12,12,live,58,58,0,261,238,285,0.8,model,roster-pending,0,0,n5v4,6f8d034187312792,34db0730c568
2026-09-27,2026-09-27 13:19:58,nightly,1,Eastern Class Championships,2026,2026-10-16,19,19,live,52,52,0,231,204,261,0.8,model,roster-pending,0,0,n5v4,6f8d034187312792,34db0730c568
2026-09-27,2026-09-27 13:19:58,nightly,1,Eastern Chess Congress,2026,2026-10-23,26,26,live,54,54,2,458,406,517,0.8,model,roster-pending,0,0,n5v4,6f8d034187312792,34db0730c568
2026-09-27,2026-09-27 13:19:58,nightly,1,Los Angeles Open,2026,2026-11-06,40,40,live,40,40,1,394,369,421,0.8,model,roster-pending,0,0,n5v4,6f8d034187312792,34db0730c568
2026-09-27,2026-09-27 13:19:58,nightly,1,Kings Island Open,2026,2026-11-13,47,47,live,17,17,0,350,326,375,0.8,model,roster-pending,0,0,n5v4,6f8d034187312792,34db0730c568
2026-09-27,2026-09-27 13:19:58,nightly,1,National Chess Congress,2026,2026-11-27,61,61,live,32,32,0,623,572,677,0.8,metadata_historical_avg,roster-pending,1,0,n5v4,6f8d034187312792,34db0730c568
2026-09-27,2026-09-27 13:19:58,nightly,1,North American Open,2026,2026-12-26,90,90,live,294,294,2,1207,1105,1317,0.8,model,roster-pending,0,0,n5v4,6f8d034187312792,34db0730c568
2026-09-27,2026-09-27 13:19:58,nightly,1,Eastern Open,2026,2026-12-26,90,90,live,2,2,0,387,367,404,0.8,metadata_historical_avg,roster-pending,1,0,n5v4,6f8d034187312792,34db0730c568
2026-09-27,2026-09-27 13:19:58,nightly,1,Boston Chess Congress,2027,2027-01-08,103,103,live,2,2,0,338,278,387,0.8,metadata_historical_avg,roster-pending,1,0,n5v4,6f8d034187312792,34db0730c568
2026-09-27,2026-09-27 13:19:58,nightly,1,Golden State Open,2027,2027-01-15,110,110,live,0,0,0,316,274,382,0.8,metadata_historical_avg,roster-pending,1,0,n5v4,6f8d034187312792,34db0730c568
2026-09-27,2026-09-27 13:19:58,nightly,1,Liberty Bell Open,2027,2027-01-15,110,110,live,2,2,0,449,324,547,0.8,metadata_historical_avg,roster-pending,1,0,n5v4,6f8d034187312792,34db0730c568
2026-09-27,2026-09-27 13:19:58,nightly,1,Southwest Class Championships,2027,2027-02-11,137,137,live,0,0,0,438,391,490,0.8,metadata_historical_avg,roster-pending,1,0,n5v4,6f8d034187312792,34db0730c568
2026-09-27,2026-09-27 13:19:58,nightly,1,George Washington Open,2027,2027-02-26,152,152,live,1,1,0,264,225,313,0.8,metadata_historical_avg,roster-pending,1,0,n5v4,6f8d034187312792,34db0730c568
2026-09-27,2026-09-27 13:19:58,nightly,1,Western Class Championships,2027,2027-03-12,166,166,live,0,0,0,348,285,405,0.8,metadata_historical_avg,roster-pending,1,0,n5v4,6f8d034187312792,34db0730c568
2026-09-27,2026-09-27 13:19:58,nightly,1,Mid-America Open,2027,2027-03-19,173,173,live,0,0,0,283,231,324,0.8,metadata_historical_avg,roster-pending,1,0,n5v4,6f8d034187312792,34db0730c568
2026-09-27,2026-09-27 13:19:58,nightly,1,Southern Class Championships,2027,2027-03-19,173,173,live,1,1,0,214,182,261,0.8,metadata_historical_avg,roster-pending,1,0,n5v4,6f8d034187312792,34db0730c568
2026-09-27,2026-09-27 13:19:58,nightly,1,Atlantic City Open,2027,2027-03-24,178,178,live,1,1,0,465,419,523,0.8,metadata_historical_avg,roster-pending,1,0,n5v4,6f8d034187312792,34db0730c568
2026-09-27,2026-09-27 13:39:02,nightly,1,Midwest Class Championships,2026,2026-10-09,12,12,live,58,58,0,261,238,285,0.8,model,roster-pending,0,0,n5v4,6f8d034187312792,0d8adc8e4fc0
2026-09-27,2026-09-27 13:39:02,nightly,1,Eastern Class Championships,2026,2026-10-16,19,19,live,52,52,0,231,204,261,0.8,model,roster-pending,0,0,n5v4,6f8d034187312792,0d8adc8e4fc0
2026-09-27,2026-09-27 13:39:02,nightly,1,Eastern Chess Congress,2026,2026-10-23,26,26,live,54,54,2,458,406,517,0.8,model,roster-pending,0,0,n5v4,6f8d034187312792,0d8adc8e4fc0
2026-09-27,2026-09-27 13:39:02,nightly,1,Los Angeles Open,2026,2026-11-06,40,40,live,40,40,1,394,369,421,0.8,model,roster-pending,0,0,n5v4,6f8d034187312792,0d8adc8e4fc0
2026-09-27,2026-09-27 13:39:02,nightly,1,Kings Island Open,2026,2026-11-13,47,47,live,17,17,0,350,326,375,0.8,model,roster-pending,0,0,n5v4,6f8d034187312792,0d8adc8e4fc0
2026-09-27,2026-09-27 13:39:02,nightly,1,National Chess Congress,2026,2026-11-27,61,61,live,32,32,0,623,572,677,0.8,metadata_historical_avg,roster-pending,1,0,n5v4,6f8d034187312792,0d8adc8e4fc0
2026-09-27,2026-09-27 13:39:02,nightly,1,North American Open,2026,2026-12-26,90,90,live,294,294,2,1207,1105,1317,0.8,model,roster-pending,0,0,n5v4,6f8d034187312792,0d8adc8e4fc0
2026-09-27,2026-09-27 13:39:02,nightly,1,Eastern Open,2026,2026-12-26,90,90,live,2,2,0,387,367,404,0.8,metadata_historical_avg,roster-pending,1,0,n5v4,6f8d034187312792,0d8adc8e4fc0
2026-09-27,2026-09-27 13:39:02,nightly,1,Boston Chess Congress,2027,2027-01-08,103,103,live,2,2,0,338,278,387,0.8,metadata_historical_avg,roster-pending,1,0,n5v4,6f8d034187312792,0d8adc8e4fc0
2026-09-27,2026-09-27 13:39:02,nightly,1,Golden State Open,2027,2027-01-15,110,110,live,0,0,0,316,274,382,0.8,metadata_historical_avg,roster-pending,1,0,n5v4,6f8d034187312792,0d8adc8e4fc0
2026-09-27,2026-09-27 13:39:02,nightly,1,Liberty Bell Open,2027,2027-01-15,110,110,live,2,2,0,449,324,547,0.8,metadata_historical_avg,roster-pending,1,0,n5v4,6f8d034187312792,0d8adc8e4fc0
2026-09-27,2026-09-27 13:39:02,nightly,1,Southwest Class Championships,2027,2027-02-11,137,137,live,0,0,0,438,391,490,0.8,metadata_historical_avg,roster-pending,1,0,n5v4,6f8d034187312792,0d8adc8e4fc0
2026-09-27,2026-09-27 13:39:02,nightly,1,George Washington Open,2027,2027-02-26,152,152,live,1,1,0,264,225,313,0.8,metadata_historical_avg,roster-pending,1,0,n5v4,6f8d034187312792,0d8adc8e4fc0
2026-09-27,2026-09-27 13:39:02,nightly,1,Western Class Championships,2027,2027-03-12,166,166,live,0,0,0,348,285,405,0.8,metadata_historical_avg,roster-pending,1,0,n5v4,6f8d034187312792,0d8adc8e4fc0
2026-09-27,2026-09-27 13:39:02,nightly,1,Mid-America Open,2027,2027-03-19,173,173,live,0,0,0,283,231,324,0.8,metadata_historical_avg,roster-pending,1,0,n5v4,6f8d034187312792,0d8adc8e4fc0
2026-09-27,2026-09-27 13:39:02,nightly,1,Southern Class Championships,2027,2027-03-19,173,173,live,1,1,0,214,182,261,0.8,metadata_historical_avg,roster-pending,1,0,n5v4,6f8d034187312792,0d8adc8e4fc0
2026-09-27,2026-09-27 13:39:02,nightly,1,Atlantic City Open,2027,2027-03-24,178,178,live,1,1,0,465,419,523,0.8,metadata_historical_avg,roster-pending,1,0,n5v4,6f8d034187312792,0d8adc8e4fc0
2026-09-27,2026-09-27 14:39:03,nightly,1,Midwest Class Championships,2026,2026-10-09,12,12,live,58,58,0,262,240,286,0.8,model,roster-pending,0,0,n5v4,78ed8e8bd7391da1,6e1802e89e96
2026-09-27,2026-09-27 14:39:03,nightly,1,Eastern Class Championships,2026,2026-10-16,19,19,live,52,52,0,232,206,261,0.8,model,roster-pending,0,0,n5v4,78ed8e8bd7391da1,6e1802e89e96
2026-09-27,2026-09-27 14:39:03,nightly,1,Eastern Chess Congress,2026,2026-10-23,26,26,live,54,54,2,459,412,510,0.8,model,roster-pending,0,0,n5v4,78ed8e8bd7391da1,6e1802e89e96
2026-09-27,2026-09-27 14:39:03,nightly,1,Los Angeles Open,2026,2026-11-06,40,40,live,40,40,1,395,370,422,0.8,model,roster-pending,0,0,n5v4,78ed8e8bd7391da1,6e1802e89e96
2026-09-27,2026-09-27 14:39:03,nightly,1,Kings Island Open,2026,2026-11-13,47,47,live,17,17,0,350,326,376,0.8,model,roster-pending,0,0,n5v4,78ed8e8bd7391da1,6e1802e89e96
2026-09-27,2026-09-27 14:39:03,nightly,1,National Chess Congress,2026,2026-11-27,61,61,live,32,32,0,623,572,677,0.8,metadata_historical_avg,roster-pending,1,0,n5v4,78ed8e8bd7391da1,6e1802e89e96
2026-09-27,2026-09-27 14:39:03,nightly,1,North American Open,2026,2026-12-26,90,90,live,294,294,2,1205,1106,1313,0.8,model,roster-pending,0,0,n5v4,78ed8e8bd7391da1,6e1802e89e96
2026-09-27,2026-09-27 14:39:03,nightly,1,Eastern Open,2026,2026-12-26,90,90,live,2,2,0,387,367,404,0.8,metadata_historical_avg,roster-pending,1,0,n5v4,78ed8e8bd7391da1,6e1802e89e96
2026-09-27,2026-09-27 14:39:03,nightly,1,Boston Chess Congress,2027,2027-01-08,103,103,live,2,2,0,338,278,387,0.8,metadata_historical_avg,roster-pending,1,0,n5v4,78ed8e8bd7391da1,6e1802e89e96
2026-09-27,2026-09-27 14:39:03,nightly,1,Golden State Open,2027,2027-01-15,110,110,live,0,0,0,316,274,382,0.8,metadata_historical_avg,roster-pending,1,0,n5v4,78ed8e8bd7391da1,6e1802e89e96
2026-09-27,2026-09-27 14:39:03,nightly,1,Liberty Bell Open,2027,2027-01-15,110,110,live,2,2,0,449,324,547,0.8,metadata_historical_avg,roster-pending,1,0,n5v4,78ed8e8bd7391da1,6e1802e89e96
2026-09-27,2026-09-27 14:39:03,nightly,1,Southwest Class Championships,2027,2027-02-11,137,137,live,0,0,0,438,391,490,0.8,metadata_historical_avg,roster-pending,1,0,n5v4,78ed8e8bd7391da1,6e1802e89e96
2026-09-27,2026-09-27 14:39:03,nightly,1,George Washington Open,2027,2027-02-26,152,152,live,1,1,0,264,225,313,0.8,metadata_historical_avg,roster-pending,1,0,n5v4,78ed8e8bd7391da1,6e1802e89e96
2026-09-27,2026-09-27 14:39:03,nightly,1,Western Class Championships,2027,2027-03-12,166,166,live,0,0,0,348,285,405,0.8,metadata_historical_avg,roster-pending,1,0,n5v4,78ed8e8bd7391da1,6e1802e89e96
2026-09-27,2026-09-27 14:39:03,nightly,1,Mid-America Open,2027,2027-03-19,173,173,live,0,0,0,283,231,324,0.8,metadata_historical_avg,roster-pending,1,0,n5v4,78ed8e8bd7391da1,6e1802e89e96
2026-09-27,2026-09-27 14:39:03,nightly,1,Southern Class Championships,2027,2027-03-19,173,173,live,1,1,0,214,182,261,0.8,metadata_historical_avg,roster-pending,1,0,n5v4,78ed8e8bd7391da1,6e1802e89e96
2026-09-27,2026-09-27 14:39:03,nightly,1,Atlantic City Open,2027,2027-03-24,178,178,live,1,1,0,465,419,523,0.8,metadata_historical_avg,roster-pending,1,0,n5v4,78ed8e8bd7391da1,6e1802e89e96
2026-09-27,2026-09-27 14:51:24,nightly,1,Midwest Class Championships,2026,2026-10-09,12,12,live,58,58,0,262,240,286,0.8,model,roster-pending,0,0,n5v4,78ed8e8bd7391da1,132b8c2c0a61
2026-09-27,2026-09-27 14:51:24,nightly,1,Eastern Class Championships,2026,2026-10-16,19,19,live,52,52,0,232,206,261,0.8,model,roster-pending,0,0,n5v4,78ed8e8bd7391da1,132b8c2c0a61
2026-09-27,2026-09-27 14:51:24,nightly,1,Eastern Chess Congress,2026,2026-10-23,26,26,live,54,54,2,459,412,510,0.8,model,roster-pending,0,0,n5v4,78ed8e8bd7391da1,132b8c2c0a61
2026-09-27,2026-09-27 14:51:24,nightly,1,Los Angeles Open,2026,2026-11-06,40,40,live,40,40,1,395,370,422,0.8,model,roster-pending,0,0,n5v4,78ed8e8bd7391da1,132b8c2c0a61
2026-09-27,2026-09-27 14:51:24,nightly,1,Kings Island Open,2026,2026-11-13,47,47,live,17,17,0,350,326,376,0.8,model,roster-pending,0,0,n5v4,78ed8e8bd7391da1,132b8c2c0a61
2026-09-27,2026-09-27 14:51:24,nightly,1,National Chess Congress,2026,2026-11-27,61,61,live,32,32,0,623,572,677,0.8,metadata_historical_avg,roster-pending,1,0,n5v4,78ed8e8bd7391da1,132b8c2c0a61
2026-09-27,2026-09-27 14:51:24,nightly,1,North American Open,2026,2026-12-26,90,90,live,294,294,2,1205,1106,1313,0.8,model,roster-pending,0,0,n5v4,78ed8e8bd7391da1,132b8c2c0a61
2026-09-27,2026-09-27 14:51:24,nightly,1,Eastern Open,2026,2026-12-26,90,90,live,2,2,0,387,367,404,0.8,metadata_historical_avg,roster-pending,1,0,n5v4,78ed8e8bd7391da1,132b8c2c0a61
2026-09-27,2026-09-27 14:51:24,nightly,1,Boston Chess Congress,2027,2027-01-08,103,103,live,2,2,0,338,278,387,0.8,metadata_historical_avg,roster-pending,1,0,n5v4,78ed8e8bd7391da1,132b8c2c0a61
2026-09-27,2026-09-27 14:51:24,nightly,1,Golden State Open,2027,2027-01-15,110,110,live,0,0,0,316,274,382,0.8,metadata_historical_avg,roster-pending,1,0,n5v4,78ed8e8bd7391da1,132b8c2c0a61
2026-09-27,2026-09-27 14:51:24,nightly,1,Liberty Bell Open,2027,2027-01-15,110,110,live,2,2,0,449,324,547,0.8,metadata_historical_avg,roster-pending,1,0,n5v4,78ed8e8bd7391da1,132b8c2c0a61
2026-09-27,2026-09-27 14:51:24,nightly,1,Southwest Class Championships,2027,2027-02-11,137,137,live,0,0,0,438,391,490,0.8,metadata_historical_avg,roster-pending,1,0,n5v4,78ed8e8bd7391da1,132b8c2c0a61
2026-09-27,2026-09-27 14:51:24,nightly,1,George Washington Open,2027,2027-02-26,152,152,live,1,1,0,264,225,313,0.8,metadata_historical_avg,roster-pending,1,0,n5v4,78ed8e8bd7391da1,132b8c2c0a61
2026-09-27,2026-09-27 14:51:24,nightly,1,Western Class Championships,2027,2027-03-12,166,166,live,0,0,0,348,285,405,0.8,metadata_historical_avg,roster-pending,1,0,n5v4,78ed8e8bd7391da1,132b8c2c0a61
2026-09-27,2026-09-27 14:51:24,nightly,1,Mid-America Open,2027,2027-03-19,173,173,live,0,0,0,283,231,324,0.8,metadata_historical_avg,roster-pending,1,0,n5v4,78ed8e8bd7391da1,132b8c2c0a61
2026-09-27,2026-09-27 14:51:24,nightly,1,Southern Class Championships,2027,2027-03-19,173,173,live,1,1,0,214,182,261,0.8,metadata_historical_avg,roster-pending,1,0,n5v4,78ed8e8bd7391da1,132b8c2c0a61
2026-09-27,2026-09-27 14:51:24,nightly,1,Atlantic City Open,2027,2027-03-24,178,178,live,1,1,0,465,419,523,0.8,metadata_historical_avg,roster-pending,1,0,n5v4,78ed8e8bd7391da1,132b8c2c0a61
2026-09-27,2026-09-27 15:18:22,nightly,1,Midwest Class Championships,2026,2026-10-09,12,12,live,59,59,0,263,241,288,0.8,model,roster-pending,0,0,n5v4,32b933de0a6b4a91,cfc0f5e76023
2026-09-27,2026-09-27 15:18:22,nightly,0,Midwest Class Championships,2026,2026-10-09,12,12,live,59,59,0,231,205,260,0.8,metadata_pace,,0,0,n5v4,32b933de0a6b4a91,cfc0f5e76023
2026-09-27,2026-09-27 15:18:22,nightly,0,Midwest Class Championships,2026,2026-10-09,12,12,live,59,59,0,313,296,338,0.8,metadata_historical_avg,,0,0,n5v4,32b933de0a6b4a91,cfc0f5e76023
2026-09-27,2026-09-27 15:18:22,nightly,1,Eastern Class Championships,2026,2026-10-16,19,19,live,53,53,0,234,208,263,0.8,model,roster-pending,0,0,n5v4,32b933de0a6b4a91,cfc0f5e76023
2026-09-27,2026-09-27 15:18:22,nightly,0,Eastern Class Championships,2026,2026-10-16,19,19,live,53,53,0,230,181,294,0.8,metadata_pace,,0,0,n5v4,32b933de0a6b4a91,cfc0f5e76023
2026-09-27,2026-09-27 15:18:22,nightly,0,Eastern Class Championships,2026,2026-10-16,19,19,live,53,53,0,221,198,246,0.8,metadata_historical_avg,,0,0,n5v4,32b933de0a6b4a91,cfc0f5e76023
2026-09-27,2026-09-27 15:18:22,nightly,1,Eastern Chess Congress,2026,2026-10-23,26,26,live,55,55,2,460,413,512,0.8,model,roster-pending,0,0,n5v4,32b933de0a6b4a91,cfc0f5e76023
2026-09-27,2026-09-27 15:18:22,nightly,0,Eastern Chess Congress,2026,2026-10-23,26,26,live,55,55,2,394,297,523,0.8,metadata_pace,,0,0,n5v4,32b933de0a6b4a91,cfc0f5e76023
2026-09-27,2026-09-27 15:18:22,nightly,0,Eastern Chess Congress,2026,2026-10-23,26,26,live,55,55,2,469,404,513,0.8,metadata_historical_avg,,0,0,n5v4,32b933de0a6b4a91,cfc0f5e76023
2026-09-27,2026-09-27 15:18:22,nightly,1,Los Angeles Open,2026,2026-11-06,40,40,live,40,40,1,395,370,422,0.8,model,roster-pending,0,0,n5v4,32b933de0a6b4a91,cfc0f5e76023
2026-09-27,2026-09-27 15:18:22,nightly,0,Los Angeles Open,2026,2026-11-06,40,40,live,40,40,1,285,229,355,0.8,metadata_pace,,0,0,n5v4,32b933de0a6b4a91,cfc0f5e76023
2026-09-27,2026-09-27 15:18:22,nightly,0,Los Angeles Open,2026,2026-11-06,40,40,live,40,40,1,365,289,413,0.8,metadata_historical_avg,,0,0,n5v4,32b933de0a6b4a91,cfc0f5e76023
2026-09-27,2026-09-27 15:18:22,nightly,1,Kings Island Open,2026,2026-11-13,47,47,live,17,17,0,350,326,376,0.8,model,roster-pending,0,0,n5v4,32b933de0a6b4a91,cfc0f5e76023
2026-09-27,2026-09-27 15:18:22,nightly,0,Kings Island Open,2026,2026-11-13,47,47,live,17,17,0,250,211,296,0.8,metadata_pace,,0,0,n5v4,32b933de0a6b4a91,cfc0f5e76023
2026-09-27,2026-09-27 15:18:22,nightly,0,Kings Island Open,2026,2026-11-13,47,47,live,17,17,0,346,318,364,0.8,metadata_historical_avg,,0,0,n5v4,32b933de0a6b4a91,cfc0f5e76023
2026-09-27,2026-09-27 15:18:22,nightly,1,National Chess Congress,2026,2026-11-27,61,61,live,32,32,0,667,605,737,0.8,model,roster-pending,0,0,n5v4,32b933de0a6b4a91,cfc0f5e76023
2026-09-27,2026-09-27 15:18:22,nightly,0,National Chess Congress,2026,2026-11-27,61,61,live,32,32,0,710,547,921,0.8,metadata_pace,,0,0,n5v4,32b933de0a6b4a91,cfc0f5e76023
2026-09-27,2026-09-27 15:18:22,nightly,0,National Chess Congress,2026,2026-11-27,61,61,live,32,32,0,623,572,677,0.8,metadata_historical_avg,,0,0,n5v4,32b933de0a6b4a91,cfc0f5e76023
2026-09-27,2026-09-27 15:18:22,nightly,1,North American Open,2026,2026-12-26,90,90,live,294,294,2,1205,1106,1313,0.8,model,roster-pending,0,0,n5v4,32b933de0a6b4a91,cfc0f5e76023
2026-09-27,2026-09-27 15:18:22,nightly,0,North American Open,2026,2026-12-26,90,90,live,294,294,2,1286,1042,1587,0.8,metadata_pace,,0,0,n5v4,32b933de0a6b4a91,cfc0f5e76023
2026-09-27,2026-09-27 15:18:22,nightly,0,North American Open,2026,2026-12-26,90,90,live,294,294,2,1081,946,1199,0.8,metadata_historical_avg,,0,0,n5v4,32b933de0a6b4a91,cfc0f5e76023
2026-09-27,2026-09-27 15:18:22,nightly,1,Eastern Open,2026,2026-12-26,90,90,live,2,2,0,369,273,498,0.8,model,roster-pending,0,0,n5v4,32b933de0a6b4a91,cfc0f5e76023
2026-09-27,2026-09-27 15:18:22,nightly,0,Eastern Open,2026,2026-12-26,90,90,live,2,2,0,220,220,329,0.8,metadata_pace,,0,0,n5v4,32b933de0a6b4a91,cfc0f5e76023
2026-09-27,2026-09-27 15:18:22,nightly,0,Eastern Open,2026,2026-12-26,90,90,live,2,2,0,387,367,404,0.8,metadata_historical_avg,,0,0,n5v4,32b933de0a6b4a91,cfc0f5e76023
2026-09-27,2026-09-27 15:18:22,nightly,1,Boston Chess Congress,2027,2027-01-08,103,103,live,2,2,0,338,278,387,0.8,metadata_historical_avg,roster-pending,1,0,n5v4,32b933de0a6b4a91,cfc0f5e76023
2026-09-27,2026-09-27 15:18:22,nightly,1,Golden State Open,2027,2027-01-15,110,110,live,0,0,0,316,274,382,0.8,metadata_historical_avg,roster-pending,1,0,n5v4,32b933de0a6b4a91,cfc0f5e76023
2026-09-27,2026-09-27 15:18:22,nightly,1,Liberty Bell Open,2027,2027-01-15,110,110,live,2,2,0,449,324,547,0.8,metadata_historical_avg,roster-pending,1,0,n5v4,32b933de0a6b4a91,cfc0f5e76023
2026-09-27,2026-09-27 15:18:22,nightly,1,Southwest Class Championships,2027,2027-02-11,137,137,live,0,0,0,438,391,490,0.8,metadata_historical_avg,roster-pending,1,0,n5v4,32b933de0a6b4a91,cfc0f5e76023
2026-09-27,2026-09-27 15:18:22,nightly,1,George Washington Open,2027,2027-02-26,152,152,live,1,1,0,264,225,313,0.8,metadata_historical_avg,roster-pending,1,0,n5v4,32b933de0a6b4a91,cfc0f5e76023
2026-09-27,2026-09-27 15:18:22,nightly,1,Western Class Championships,2027,2027-03-12,166,166,live,0,0,0,348,285,405,0.8,metadata_historical_avg,roster-pending,1,0,n5v4,32b933de0a6b4a91,cfc0f5e76023
2026-09-27,2026-09-27 15:18:22,nightly,1,Mid-America Open,2027,2027-03-19,173,173,live,0,0,0,283,231,324,0.8,metadata_historical_avg,roster-pending,1,0,n5v4,32b933de0a6b4a91,cfc0f5e76023
2026-09-27,2026-09-27 15:18:22,nightly,1,Southern Class Championships,2027,2027-03-19,173,173,live,1,1,0,214,182,261,0.8,metadata_historical_avg,roster-pending,1,0,n5v4,32b933de0a6b4a91,cfc0f5e76023
2026-09-27,2026-09-27 15:18:22,nightly,1,Atlantic City Open,2027,2027-03-24,178,178,live,1,1,0,465,419,523,0.8,metadata_historical_avg,roster-pending,1,0,n5v4,32b933de0a6b4a91,cfc0f5e76023
2026-09-27,2026-09-27 16:18:31,nightly,1,Midwest Class Championships,2026,2026-10-09,12,12,live,60,60,0,270,248,296,0.8,model,roster-pending,0,0,n5v4,a63769ca0db40ec7,670fe24f3a26
2026-09-27,2026-09-27 16:18:31,nightly,0,Midwest Class Championships,2026,2026-10-09,12,12,live,60,60,0,235,209,265,0.8,metadata_pace,,0,0,n5v4,a63769ca0db40ec7,670fe24f3a26
2026-09-27,2026-09-27 16:18:31,nightly,0,Midwest Class Championships,2026,2026-10-09,12,12,live,60,60,0,313,296,338,0.8,metadata_historical_avg,,0,0,n5v4,a63769ca0db40ec7,670fe24f3a26
2026-09-27,2026-09-27 16:18:31,nightly,1,Eastern Class Championships,2026,2026-10-16,19,19,live,54,54,0,236,209,265,0.8,model,roster-pending,0,0,n5v4,a63769ca0db40ec7,670fe24f3a26
2026-09-27,2026-09-27 16:18:31,nightly,0,Eastern Class Championships,2026,2026-10-16,19,19,live,54,54,0,235,184,299,0.8,metadata_pace,,0,0,n5v4,a63769ca0db40ec7,670fe24f3a26
2026-09-27,2026-09-27 16:18:31,nightly,0,Eastern Class Championships,2026,2026-10-16,19,19,live,54,54,0,221,198,246,0.8,metadata_historical_avg,,0,0,n5v4,a63769ca0db40ec7,670fe24f3a26
2026-09-27,2026-09-27 16:18:31,nightly,1,Eastern Chess Congress,2026,2026-10-23,26,26,live,56,56,2,461,414,513,0.8,model,roster-pending,0,0,n5v4,a63769ca0db40ec7,670fe24f3a26
2026-09-27,2026-09-27 16:18:31,nightly,0,Eastern Chess Congress,2026,2026-10-23,26,26,live,56,56,2,401,302,533,0.8,metadata_pace,,0,0,n5v4,a63769ca0db40ec7,670fe24f3a26
2026-09-27,2026-09-27 16:18:31,nightly,0,Eastern Chess Congress,2026,2026-10-23,26,26,live,56,56,2,469,404,513,0.8,metadata_historical_avg,,0,0,n5v4,a63769ca0db40ec7,670fe24f3a26
2026-09-27,2026-09-27 16:18:31,nightly,1,Los Angeles Open,2026,2026-11-06,40,40,live,40,40,1,395,370,422,0.8,model,roster-pending,0,0,n5v4,a63769ca0db40ec7,670fe24f3a26
2026-09-27,2026-09-27 16:18:31,nightly,0,Los Angeles Open,2026,2026-11-06,40,40,live,40,40,1,285,229,355,0.8,metadata_pace,,0,0,n5v4,a63769ca0db40ec7,670fe24f3a26
2026-09-27,2026-09-27 16:18:31,nightly,0,Los Angeles Open,2026,2026-11-06,40,40,live,40,40,1,365,289,413,0.8,metadata_historical_avg,,0,0,n5v4,a63769ca0db40ec7,670fe24f3a26
2026-09-27,2026-09-27 16:18:31,nightly,1,Kings Island Open,2026,2026-11-13,47,47,live,17,17,0,350,326,376,0.8,model,roster-pending,0,0,n5v4,a63769ca0db40ec7,670fe24f3a26
2026-09-27,2026-09-27 16:18:31,nightly,0,Kings Island Open,2026,2026-11-13,47,47,live,17,17,0,250,211,296,0.8,metadata_pace,,0,0,n5v4,a63769ca0db40ec7,670fe24f3a26
2026-09-27,2026-09-27 16:18:31,nightly,0,Kings Island Open,2026,2026-11-13,47,47,live,17,17,0,346,318,364,0.8,metadata_historical_avg,,0,0,n5v4,a63769ca0db40ec7,670fe24f3a26
2026-09-27,2026-09-27 16:18:31,nightly,1,National Chess Congress,2026,2026-11-27,61,61,live,32,32,0,667,605,737,0.8,model,roster-pending,0,0,n5v4,a63769ca0db40ec7,670fe24f3a26
2026-09-27,2026-09-27 16:18:31,nightly,0,National Chess Congress,2026,2026-11-27,61,61,live,32,32,0,710,547,921,0.8,metadata_pace,,0,0,n5v4,a63769ca0db40ec7,670fe24f3a26
2026-09-27,2026-09-27 16:18:31,nightly,0,National Chess Congress,2026,2026-11-27,61,61,live,32,32,0,623,572,677,0.8,metadata_historical_avg,,0,0,n5v4,a63769ca0db40ec7,670fe24f3a26
2026-09-27,2026-09-27 16:18:31,nightly,1,North American Open,2026,2026-12-26,90,90,live,294,294,2,1205,1106,1313,0.8,model,roster-pending,0,0,n5v4,a63769ca0db40ec7,670fe24f3a26
2026-09-27,2026-09-27 16:18:31,nightly,0,North American Open,2026,2026-12-26,90,90,live,294,294,2,1286,1042,1587,0.8,metadata_pace,,0,0,n5v4,a63769ca0db40ec7,670fe24f3a26
2026-09-27,2026-09-27 16:18:31,nightly,0,North American Open,2026,2026-12-26,90,90,live,294,294,2,1081,946,1199,0.8,metadata_historical_avg,,0,0,n5v4,a63769ca0db40ec7,670fe24f3a26
2026-09-27,2026-09-27 16:18:31,nightly,1,Eastern Open,2026,2026-12-26,90,90,live,2,2,0,369,273,498,0.8,model,roster-pending,0,0,n5v4,a63769ca0db40ec7,670fe24f3a26
2026-09-27,2026-09-27 16:18:31,nightly,0,Eastern Open,2026,2026-12-26,90,90,live,2,2,0,220,220,329,0.8,metadata_pace,,0,0,n5v4,a63769ca0db40ec7,670fe24f3a26
2026-09-27,2026-09-27 16:18:31,nightly,0,Eastern Open,2026,2026-12-26,90,90,live,2,2,0,387,367,404,0.8,metadata_historical_avg,,0,0,n5v4,a63769ca0db40ec7,670fe24f3a26
2026-09-27,2026-09-27 16:18:31,nightly,1,Boston Chess Congress,2027,2027-01-08,103,103,live,2,2,0,338,278,387,0.8,metadata_historical_avg,roster-pending,1,0,n5v4,a63769ca0db40ec7,670fe24f3a26
2026-09-27,2026-09-27 16:18:31,nightly,1,Golden State Open,2027,2027-01-15,110,110,live,0,0,0,316,274,382,0.8,metadata_historical_avg,roster-pending,1,0,n5v4,a63769ca0db40ec7,670fe24f3a26
2026-09-27,2026-09-27 16:18:31,nightly,1,Liberty Bell Open,2027,2027-01-15,110,110,live,2,2,0,449,324,547,0.8,metadata_historical_avg,roster-pending,1,0,n5v4,a63769ca0db40ec7,670fe24f3a26
2026-09-27,2026-09-27 16:18:31,nightly,1,Southwest Class Championships,2027,2027-02-11,137,137,live,0,0,0,438,391,490,0.8,metadata_historical_avg,roster-pending,1,0,n5v4,a63769ca0db40ec7,670fe24f3a26
2026-09-27,2026-09-27 16:18:31,nightly,1,George Washington Open,2027,2027-02-26,152,152,live,1,1,0,264,225,313,0.8,metadata_historical_avg,roster-pending,1,0,n5v4,a63769ca0db40ec7,670fe24f3a26
2026-09-27,2026-09-27 16:18:31,nightly,1,Western Class Championships,2027,2027-03-12,166,166,live,0,0,0,348,285,405,0.8,metadata_historical_avg,roster-pending,1,0,n5v4,a63769ca0db40ec7,670fe24f3a26
2026-09-27,2026-09-27 16:18:31,nightly,1,Mid-America Open,2027,2027-03-19,173,173,live,0,0,0,283,231,324,0.8,metadata_historical_avg,roster-pending,1,0,n5v4,a63769ca0db40ec7,670fe24f3a26
2026-09-27,2026-09-27 16:18:31,nightly,1,Southern Class Championships,2027,2027-03-19,173,173,live,1,1,0,214,182,261,0.8,metadata_historical_avg,roster-pending,1,0,n5v4,a63769ca0db40ec7,670fe24f3a26
2026-09-27,2026-09-27 16:18:31,nightly,1,Atlantic City Open,2027,2027-03-24,178,178,live,1,1,0,465,419,523,0.8,metadata_historical_avg,roster-pending,1,0,n5v4,a63769ca0db40ec7,670fe24f3a26
2026-09-27,2026-09-27 16:55:51,nightly,1,Midwest Class Championships,2026,2026-10-09,12,12,live,60,60,0,270,248,296,0.8,model,roster-pending,0,0,n5v5,2387f62ee5e739ea,2d6a51ac0961
2026-09-27,2026-09-27 16:55:51,nightly,0,Midwest Class Championships,2026,2026-10-09,12,12,live,60,60,0,235,209,265,0.8,metadata_pace,,0,0,n5v5,2387f62ee5e739ea,2d6a51ac0961
2026-09-27,2026-09-27 16:55:51,nightly,0,Midwest Class Championships,2026,2026-10-09,12,12,live,60,60,0,313,296,338,0.8,metadata_historical_avg,,0,0,n5v5,2387f62ee5e739ea,2d6a51ac0961
2026-09-27,2026-09-27 16:55:51,nightly,1,Eastern Class Championships,2026,2026-10-16,19,19,live,54,54,0,236,209,265,0.8,model,roster-pending,0,0,n5v5,2387f62ee5e739ea,2d6a51ac0961
2026-09-27,2026-09-27 16:55:51,nightly,0,Eastern Class Championships,2026,2026-10-16,19,19,live,54,54,0,235,184,299,0.8,metadata_pace,,0,0,n5v5,2387f62ee5e739ea,2d6a51ac0961
2026-09-27,2026-09-27 16:55:51,nightly,0,Eastern Class Championships,2026,2026-10-16,19,19,live,54,54,0,221,198,246,0.8,metadata_historical_avg,,0,0,n5v5,2387f62ee5e739ea,2d6a51ac0961
2026-09-27,2026-09-27 16:55:51,nightly,1,Eastern Chess Congress,2026,2026-10-23,26,26,live,56,56,2,461,414,513,0.8,model,roster-pending,0,0,n5v5,2387f62ee5e739ea,2d6a51ac0961
2026-09-27,2026-09-27 16:55:51,nightly,0,Eastern Chess Congress,2026,2026-10-23,26,26,live,56,56,2,401,302,533,0.8,metadata_pace,,0,0,n5v5,2387f62ee5e739ea,2d6a51ac0961
2026-09-27,2026-09-27 16:55:51,nightly,0,Eastern Chess Congress,2026,2026-10-23,26,26,live,56,56,2,469,404,513,0.8,metadata_historical_avg,,0,0,n5v5,2387f62ee5e739ea,2d6a51ac0961
2026-09-27,2026-09-27 16:55:51,nightly,1,Los Angeles Open,2026,2026-11-06,40,40,live,40,40,1,395,370,422,0.8,model,roster-pending,0,0,n5v5,2387f62ee5e739ea,2d6a51ac0961
2026-09-27,2026-09-27 16:55:51,nightly,0,Los Angeles Open,2026,2026-11-06,40,40,live,40,40,1,285,229,355,0.8,metadata_pace,,0,0,n5v5,2387f62ee5e739ea,2d6a51ac0961
2026-09-27,2026-09-27 16:55:51,nightly,0,Los Angeles Open,2026,2026-11-06,40,40,live,40,40,1,365,289,413,0.8,metadata_historical_avg,,0,0,n5v5,2387f62ee5e739ea,2d6a51ac0961
2026-09-27,2026-09-27 16:55:51,nightly,1,Kings Island Open,2026,2026-11-13,47,47,live,17,17,0,350,326,376,0.8,model,roster-pending,0,0,n5v5,2387f62ee5e739ea,2d6a51ac0961
2026-09-27,2026-09-27 16:55:51,nightly,0,Kings Island Open,2026,2026-11-13,47,47,live,17,17,0,250,211,296,0.8,metadata_pace,,0,0,n5v5,2387f62ee5e739ea,2d6a51ac0961
2026-09-27,2026-09-27 16:55:51,nightly,0,Kings Island Open,2026,2026-11-13,47,47,live,17,17,0,346,318,364,0.8,metadata_historical_avg,,0,0,n5v5,2387f62ee5e739ea,2d6a51ac0961
2026-09-27,2026-09-27 16:55:51,nightly,1,National Chess Congress,2026,2026-11-27,61,61,live,32,32,0,667,605,737,0.8,model,roster-pending,0,0,n5v5,2387f62ee5e739ea,2d6a51ac0961
2026-09-27,2026-09-27 16:55:51,nightly,0,National Chess Congress,2026,2026-11-27,61,61,live,32,32,0,710,547,921,0.8,metadata_pace,,0,0,n5v5,2387f62ee5e739ea,2d6a51ac0961
2026-09-27,2026-09-27 16:55:51,nightly,0,National Chess Congress,2026,2026-11-27,61,61,live,32,32,0,623,572,677,0.8,metadata_historical_avg,,0,0,n5v5,2387f62ee5e739ea,2d6a51ac0961
2026-09-27,2026-09-27 16:55:51,nightly,1,North American Open,2026,2026-12-26,90,90,live,294,294,2,1205,1106,1313,0.8,model,roster-pending,0,0,n5v5,2387f62ee5e739ea,2d6a51ac0961
2026-09-27,2026-09-27 16:55:51,nightly,0,North American Open,2026,2026-12-26,90,90,live,294,294,2,1286,1042,1587,0.8,metadata_pace,,0,0,n5v5,2387f62ee5e739ea,2d6a51ac0961
2026-09-27,2026-09-27 16:55:51,nightly,0,North American Open,2026,2026-12-26,90,90,live,294,294,2,1081,946,1199,0.8,metadata_historical_avg,,0,0,n5v5,2387f62ee5e739ea,2d6a51ac0961
2026-09-27,2026-09-27 16:55:51,nightly,1,Eastern Open,2026,2026-12-26,90,90,live,2,2,0,369,273,498,0.8,model,roster-pending,0,0,n5v5,2387f62ee5e739ea,2d6a51ac0961
2026-09-27,2026-09-27 16:55:51,nightly,0,Eastern Open,2026,2026-12-26,90,90,live,2,2,0,220,220,329,0.8,metadata_pace,,0,0,n5v5,2387f62ee5e739ea,2d6a51ac0961
2026-09-27,2026-09-27 16:55:51,nightly,0,Eastern Open,2026,2026-12-26,90,90,live,2,2,0,387,367,404,0.8,metadata_historical_avg,,0,0,n5v5,2387f62ee5e739ea,2d6a51ac0961
2026-09-27,2026-09-27 16:55:51,nightly,1,Boston Chess Congress,2027,2027-01-08,103,103,live,2,2,0,338,278,387,0.8,metadata_historical_avg,roster-pending,1,0,n5v5,2387f62ee5e739ea,2d6a51ac0961
2026-09-27,2026-09-27 16:55:51,nightly,1,Golden State Open,2027,2027-01-15,110,110,live,0,0,0,316,274,382,0.8,metadata_historical_avg,roster-pending,1,0,n5v5,2387f62ee5e739ea,2d6a51ac0961
2026-09-27,2026-09-27 16:55:51,nightly,1,Liberty Bell Open,2027,2027-01-15,110,110,live,2,2,0,449,324,547,0.8,metadata_historical_avg,roster-pending,1,0,n5v5,2387f62ee5e739ea,2d6a51ac0961
2026-09-27,2026-09-27 16:55:51,nightly,1,Southwest Class Championships,2027,2027-02-11,137,137,live,0,0,0,438,391,490,0.8,metadata_historical_avg,roster-pending,1,0,n5v5,2387f62ee5e739ea,2d6a51ac0961
2026-09-27,2026-09-27 16:55:51,nightly,1,George Washington Open,2027,2027-02-26,152,152,live,1,1,0,264,225,313,0.8,metadata_historical_avg,roster-pending,1,0,n5v5,2387f62ee5e739ea,2d6a51ac0961
2026-09-27,2026-09-27 16:55:51,nightly,1,Western Class Championships,2027,2027-03-12,166,166,live,0,0,0,348,285,405,0.8,metadata_historical_avg,roster-pending,1,0,n5v5,2387f62ee5e739ea,2d6a51ac0961
2026-09-27,2026-09-27 16:55:51,nightly,1,Mid-America Open,2027,2027-03-19,173,173,live,0,0,0,283,231,324,0.8,metadata_historical_avg,roster-pending,1,0,n5v5,2387f62ee5e739ea,2d6a51ac0961
2026-09-27,2026-09-27 16:55:51,nightly,1,Southern Class Championships,2027,2027-03-19,173,173,live,1,1,0,214,182,261,0.8,metadata_historical_avg,roster-pending,1,0,n5v5,2387f62ee5e739ea,2d6a51ac0961
2026-09-27,2026-09-27 16:55:51,nightly,1,Atlantic City Open,2027,2027-03-24,178,178,live,1,1,0,465,419,523,0.8,metadata_historical_avg,roster-pending,1,0,n5v5,2387f62ee5e739ea,2d6a51ac0961
2026-09-27,2026-09-27 21:45:45,nightly,1,Midwest Class Championships,2026,2026-10-09,12,12,live,61,61,0,271,249,297,0.8,model,roster-pending,0,0,n5v5,962f5cb3d35cb62d,6c3220559aa5
2026-09-27,2026-09-27 21:45:45,nightly,0,Midwest Class Championships,2026,2026-10-09,12,12,live,61,61,0,239,212,269,0.8,metadata_pace,,0,0,n5v5,962f5cb3d35cb62d,6c3220559aa5
2026-09-27,2026-09-27 21:45:45,nightly,0,Midwest Class Championships,2026,2026-10-09,12,12,live,61,61,0,313,296,338,0.8,metadata_historical_avg,,0,0,n5v5,962f5cb3d35cb62d,6c3220559aa5
2026-09-27,2026-09-27 21:45:45,nightly,1,Eastern Class Championships,2026,2026-10-16,19,19,live,54,54,0,236,209,265,0.8,model,roster-pending,0,0,n5v5,962f5cb3d35cb62d,6c3220559aa5
2026-09-27,2026-09-27 21:45:45,nightly,0,Eastern Class Championships,2026,2026-10-16,19,19,live,54,54,0,235,184,299,0.8,metadata_pace,,0,0,n5v5,962f5cb3d35cb62d,6c3220559aa5
2026-09-27,2026-09-27 21:45:45,nightly,0,Eastern Class Championships,2026,2026-10-16,19,19,live,54,54,0,221,198,246,0.8,metadata_historical_avg,,0,0,n5v5,962f5cb3d35cb62d,6c3220559aa5
2026-09-27,2026-09-27 21:45:45,nightly,1,Eastern Chess Congress,2026,2026-10-23,26,26,live,56,56,2,461,414,513,0.8,model,roster-pending,0,0,n5v5,962f5cb3d35cb62d,6c3220559aa5
2026-09-27,2026-09-27 21:45:45,nightly,0,Eastern Chess Congress,2026,2026-10-23,26,26,live,56,56,2,401,302,533,0.8,metadata_pace,,0,0,n5v5,962f5cb3d35cb62d,6c3220559aa5
2026-09-27,2026-09-27 21:45:45,nightly,0,Eastern Chess Congress,2026,2026-10-23,26,26,live,56,56,2,469,404,513,0.8,metadata_historical_avg,,0,0,n5v5,962f5cb3d35cb62d,6c3220559aa5
2026-09-27,2026-09-27 21:45:45,nightly,1,Los Angeles Open,2026,2026-11-06,40,40,live,40,40,1,395,370,422,0.8,model,roster-pending,0,0,n5v5,962f5cb3d35cb62d,6c3220559aa5
2026-09-27,2026-09-27 21:45:45,nightly,0,Los Angeles Open,2026,2026-11-06,40,40,live,40,40,1,285,229,355,0.8,metadata_pace,,0,0,n5v5,962f5cb3d35cb62d,6c3220559aa5
2026-09-27,2026-09-27 21:45:45,nightly,0,Los Angeles Open,2026,2026-11-06,40,40,live,40,40,1,365,289,413,0.8,metadata_historical_avg,,0,0,n5v5,962f5cb3d35cb62d,6c3220559aa5
2026-09-27,2026-09-27 21:45:45,nightly,1,Kings Island Open,2026,2026-11-13,47,47,live,17,17,0,350,326,376,0.8,model,roster-pending,0,0,n5v5,962f5cb3d35cb62d,6c3220559aa5
2026-09-27,2026-09-27 21:45:45,nightly,0,Kings Island Open,2026,2026-11-13,47,47,live,17,17,0,250,211,296,0.8,metadata_pace,,0,0,n5v5,962f5cb3d35cb62d,6c3220559aa5
2026-09-27,2026-09-27 21:45:45,nightly,0,Kings Island Open,2026,2026-11-13,47,47,live,17,17,0,346,318,364,0.8,metadata_historical_avg,,0,0,n5v5,962f5cb3d35cb62d,6c3220559aa5
2026-09-27,2026-09-27 21:45:45,nightly,1,National Chess Congress,2026,2026-11-27,61,61,live,34,34,0,670,607,740,0.8,model,roster-pending,0,0,n5v5,962f5cb3d35cb62d,6c3220559aa5
2026-09-27,2026-09-27 21:45:45,nightly,0,National Chess Congress,2026,2026-11-27,61,61,live,34,34,0,754,581,979,0.8,metadata_pace,,0,0,n5v5,962f5cb3d35cb62d,6c3220559aa5
2026-09-27,2026-09-27 21:45:45,nightly,0,National Chess Congress,2026,2026-11-27,61,61,live,34,34,0,623,572,677,0.8,metadata_historical_avg,,0,0,n5v5,962f5cb3d35cb62d,6c3220559aa5
2026-09-27,2026-09-27 21:45:45,nightly,1,North American Open,2026,2026-12-26,90,90,live,297,297,2,1206,1107,1314,0.8,model,roster-pending,0,0,n5v5,962f5cb3d35cb62d,6c3220559aa5
2026-09-27,2026-09-27 21:45:45,nightly,0,North American Open,2026,2026-12-26,90,90,live,297,297,2,1299,1052,1603,0.8,metadata_pace,,0,0,n5v5,962f5cb3d35cb62d,6c3220559aa5
2026-09-27,2026-09-27 21:45:45,nightly,0,North American Open,2026,2026-12-26,90,90,live,297,297,2,1081,946,1199,0.8,metadata_historical_avg,,0,0,n5v5,962f5cb3d35cb62d,6c3220559aa5
2026-09-27,2026-09-27 21:45:45,nightly,1,Eastern Open,2026,2026-12-26,90,90,live,2,2,0,369,299,443,0.8,model,roster-pending,0,0,n5v5,962f5cb3d35cb62d,6c3220559aa5
2026-09-27,2026-09-27 21:45:45,nightly,0,Eastern Open,2026,2026-12-26,90,90,live,2,2,0,220,220,329,0.8,metadata_pace,,0,0,n5v5,962f5cb3d35cb62d,6c3220559aa5
2026-09-27,2026-09-27 21:45:45,nightly,0,Eastern Open,2026,2026-12-26,90,90,live,2,2,0,387,367,404,0.8,metadata_historical_avg,,0,0,n5v5,962f5cb3d35cb62d,6c3220559aa5
2026-09-27,2026-09-27 21:45:45,nightly,1,Boston Chess Congress,2027,2027-01-08,103,103,live,2,2,0,338,278,387,0.8,metadata_historical_avg,roster-pending,1,0,n5v5,962f5cb3d35cb62d,6c3220559aa5
2026-09-27,2026-09-27 21:45:45,nightly,1,Golden State Open,2027,2027-01-15,110,110,live,0,0,0,316,274,382,0.8,metadata_historical_avg,roster-pending,1,0,n5v5,962f5cb3d35cb62d,6c3220559aa5
2026-09-27,2026-09-27 21:45:45,nightly,1,Liberty Bell Open,2027,2027-01-15,110,110,live,2,2,0,449,324,547,0.8,metadata_historical_avg,roster-pending,1,0,n5v5,962f5cb3d35cb62d,6c3220559aa5
2026-09-27,2026-09-27 21:45:45,nightly,1,Southwest Class Championships,2027,2027-02-11,137,137,live,0,0,0,438,391,490,0.8,metadata_historical_avg,roster-pending,1,0,n5v5,962f5cb3d35cb62d,6c3220559aa5
2026-09-27,2026-09-27 21:45:45,nightly,1,George Washington Open,2027,2027-02-26,152,152,live,1,1,0,264,225,313,0.8,metadata_historical_avg,roster-pending,1,0,n5v5,962f5cb3d35cb62d,6c3220559aa5
2026-09-27,2026-09-27 21:45:45,nightly,1,Western Class Championships,2027,2027-03-12,166,166,live,0,0,0,348,285,405,0.8,metadata_historical_avg,roster-pending,1,0,n5v5,962f5cb3d35cb62d,6c3220559aa5
2026-09-27,2026-09-27 21:45:45,nightly,1,Mid-America Open,2027,2027-03-19,173,173,live,0,0,0,283,231,324,0.8,metadata_historical_avg,roster-pending,1,0,n5v5,962f5cb3d35cb62d,6c3220559aa5
2026-09-27,2026-09-27 21:45:45,nightly,1,Southern Class Championships,2027,2027-03-19,173,173,live,1,1,0,214,182,261,0.8,metadata_historical_avg,roster-pending,1,0,n5v5,962f5cb3d35cb62d,6c3220559aa5
2026-09-27,2026-09-27 21:45:45,nightly,1,Atlantic City Open,2027,2027-03-24,178,178,live,1,1,0,465,419,523,0.8,metadata_historical_avg,roster-pending,1,0,n5v5,962f5cb3d35cb62d,6c3220559aa5
2026-09-27,2026-09-27 22:09:19,nightly,1,Midwest Class Championships,2026,2026-10-09,12,12,live,61,61,0,271,249,297,0.8,model,roster-pending,0,0,n5v5,7e53afec0e55cccd,cb99476e8b46
2026-09-27,2026-09-27 22:09:19,nightly,0,Midwest Class Championships,2026,2026-10-09,12,12,live,61,61,0,239,212,269,0.8,metadata_pace,,0,0,n5v5,7e53afec0e55cccd,cb99476e8b46
2026-09-27,2026-09-27 22:09:19,nightly,0,Midwest Class Championships,2026,2026-10-09,12,12,live,61,61,0,313,296,338,0.8,metadata_historical_avg,,0,0,n5v5,7e53afec0e55cccd,cb99476e8b46
2026-09-27,2026-09-27 22:09:19,nightly,1,Eastern Class Championships,2026,2026-10-16,19,19,live,54,54,0,236,209,265,0.8,model,roster-pending,0,0,n5v5,7e53afec0e55cccd,cb99476e8b46
2026-09-27,2026-09-27 22:09:19,nightly,0,Eastern Class Championships,2026,2026-10-16,19,19,live,54,54,0,235,184,299,0.8,metadata_pace,,0,0,n5v5,7e53afec0e55cccd,cb99476e8b46
2026-09-27,2026-09-27 22:09:19,nightly,0,Eastern Class Championships,2026,2026-10-16,19,19,live,54,54,0,221,198,246,0.8,metadata_historical_avg,,0,0,n5v5,7e53afec0e55cccd,cb99476e8b46
2026-09-27,2026-09-27 22:09:19,nightly,1,Eastern Chess Congress,2026,2026-10-23,26,26,live,56,56,2,461,414,513,0.8,model,roster-pending,0,0,n5v5,7e53afec0e55cccd,cb99476e8b46
2026-09-27,2026-09-27 22:09:19,nightly,0,Eastern Chess Congress,2026,2026-10-23,26,26,live,56,56,2,401,302,533,0.8,metadata_pace,,0,0,n5v5,7e53afec0e55cccd,cb99476e8b46
2026-09-27,2026-09-27 22:09:19,nightly,0,Eastern Chess Congress,2026,2026-10-23,26,26,live,56,56,2,469,404,513,0.8,metadata_historical_avg,,0,0,n5v5,7e53afec0e55cccd,cb99476e8b46
2026-09-27,2026-09-27 22:09:19,nightly,1,Los Angeles Open,2026,2026-11-06,40,40,live,40,40,1,395,370,422,0.8,model,roster-pending,0,0,n5v5,7e53afec0e55cccd,cb99476e8b46
2026-09-27,2026-09-27 22:09:19,nightly,0,Los Angeles Open,2026,2026-11-06,40,40,live,40,40,1,285,229,355,0.8,metadata_pace,,0,0,n5v5,7e53afec0e55cccd,cb99476e8b46
2026-09-27,2026-09-27 22:09:19,nightly,0,Los Angeles Open,2026,2026-11-06,40,40,live,40,40,1,365,289,413,0.8,metadata_historical_avg,,0,0,n5v5,7e53afec0e55cccd,cb99476e8b46
2026-09-27,2026-09-27 22:09:19,nightly,1,Kings Island Open,2026,2026-11-13,47,47,live,17,17,0,350,326,376,0.8,model,roster-pending,0,0,n5v5,7e53afec0e55cccd,cb99476e8b46
2026-09-27,2026-09-27 22:09:19,nightly,0,Kings Island Open,2026,2026-11-13,47,47,live,17,17,0,250,211,296,0.8,metadata_pace,,0,0,n5v5,7e53afec0e55cccd,cb99476e8b46
2026-09-27,2026-09-27 22:09:19,nightly,0,Kings Island Open,2026,2026-11-13,47,47,live,17,17,0,346,318,364,0.8,metadata_historical_avg,,0,0,n5v5,7e53afec0e55cccd,cb99476e8b46
2026-09-27,2026-09-27 22:09:19,nightly,1,National Chess Congress,2026,2026-11-27,61,61,live,34,34,0,670,607,740,0.8,model,roster-pending,0,0,n5v5,7e53afec0e55cccd,cb99476e8b46
2026-09-27,2026-09-27 22:09:19,nightly,0,National Chess Congress,2026,2026-11-27,61,61,live,34,34,0,754,581,979,0.8,metadata_pace,,0,0,n5v5,7e53afec0e55cccd,cb99476e8b46
2026-09-27,2026-09-27 22:09:19,nightly,0,National Chess Congress,2026,2026-11-27,61,61,live,34,34,0,623,572,677,0.8,metadata_historical_avg,,0,0,n5v5,7e53afec0e55cccd,cb99476e8b46
2026-09-27,2026-09-27 22:09:19,nightly,1,North American Open,2026,2026-12-26,90,90,live,297,297,2,1206,1107,1314,0.8,model,roster-pending,0,0,n5v5,7e53afec0e55cccd,cb99476e8b46
2026-09-27,2026-09-27 22:09:19,nightly,0,North American Open,2026,2026-12-26,90,90,live,297,297,2,1299,1052,1603,0.8,metadata_pace,,0,0,n5v5,7e53afec0e55cccd,cb99476e8b46
2026-09-27,2026-09-27 22:09:19,nightly,0,North American Open,2026,2026-12-26,90,90,live,297,297,2,1081,946,1199,0.8,metadata_historical_avg,,0,0,n5v5,7e53afec0e55cccd,cb99476e8b46
2026-09-27,2026-09-27 22:09:19,nightly,1,Eastern Open,2026,2026-12-26,90,90,live,2,2,0,369,299,443,0.8,model,roster-pending,0,0,n5v5,7e53afec0e55cccd,cb99476e8b46
2026-09-27,2026-09-27 22:09:19,nightly,0,Eastern Open,2026,2026-12-26,90,90,live,2,2,0,220,220,329,0.8,metadata_pace,,0,0,n5v5,7e53afec0e55cccd,cb99476e8b46
2026-09-27,2026-09-27 22:09:19,nightly,0,Eastern Open,2026,2026-12-26,90,90,live,2,2,0,387,367,404,0.8,metadata_historical_avg,,0,0,n5v5,7e53afec0e55cccd,cb99476e8b46
2026-09-27,2026-09-27 22:09:19,nightly,1,Boston Chess Congress,2027,2027-01-08,103,103,live,2,2,0,338,278,387,0.8,metadata_historical_avg,roster-pending,1,0,n5v5,7e53afec0e55cccd,cb99476e8b46
2026-09-27,2026-09-27 22:09:19,nightly,1,Golden State Open,2027,2027-01-15,110,110,live,0,0,0,316,274,382,0.8,metadata_historical_avg,roster-pending,1,0,n5v5,7e53afec0e55cccd,cb99476e8b46
2026-09-27,2026-09-27 22:09:19,nightly,1,Liberty Bell Open,2027,2027-01-15,110,110,live,2,2,0,449,324,547,0.8,metadata_historical_avg,roster-pending,1,0,n5v5,7e53afec0e55cccd,cb99476e8b46
2026-09-27,2026-09-27 22:09:19,nightly,1,Southwest Class Championships,2027,2027-02-11,137,137,live,0,0,0,438,391,490,0.8,metadata_historical_avg,roster-pending,1,0,n5v5,7e53afec0e55cccd,cb99476e8b46
2026-09-27,2026-09-27 22:09:19,nightly,1,George Washington Open,2027,2027-02-26,152,152,live,1,1,0,264,225,313,0.8,metadata_historical_avg,roster-pending,1,0,n5v5,7e53afec0e55cccd,cb99476e8b46
2026-09-27,2026-09-27 22:09:19,nightly,1,Western Class Championships,2027,2027-03-12,166,166,live,0,0,0,348,285,405,0.8,metadata_historical_avg,roster-pending,1,0,n5v5,7e53afec0e55cccd,cb99476e8b46
2026-09-27,2026-09-27 22:09:19,nightly,1,Mid-America Open,2027,2027-03-19,173,173,live,0,0,0,283,231,324,0.8,metadata_historical_avg,roster-pending,1,0,n5v5,7e53afec0e55cccd,cb99476e8b46
2026-09-27,2026-09-27 22:09:19,nightly,1,Southern Class Championships,2027,2027-03-19,173,173,live,1,1,0,214,182,261,0.8,metadata_historical_avg,roster-pending,1,0,n5v5,7e53afec0e55cccd,cb99476e8b46
2026-09-27,2026-09-27 22:09:19,nightly,1,Atlantic City Open,2027,2027-03-24,178,178,live,1,1,0,465,419,523,0.8,metadata_historical_avg,roster-pending,1,0,n5v5,7e53afec0e55cccd,cb99476e8b46
2026-09-27,2026-09-27 22:29:33,nightly,1,Midwest Class Championships,2026,2026-10-09,12,12,live,62,62,0,272,250,298,0.8,model,roster-pending,0,0,n5v5,edefda5b67b95dbe,8be6c3f479a3
2026-09-27,2026-09-27 22:29:33,nightly,0,Midwest Class Championships,2026,2026-10-09,12,12,live,62,62,0,243,215,274,0.8,metadata_pace,,0,0,n5v5,edefda5b67b95dbe,8be6c3f479a3
2026-09-27,2026-09-27 22:29:33,nightly,0,Midwest Class Championships,2026,2026-10-09,12,12,live,62,62,0,313,296,338,0.8,metadata_historical_avg,,0,0,n5v5,edefda5b67b95dbe,8be6c3f479a3
2026-09-27,2026-09-27 22:29:33,nightly,1,Eastern Class Championships,2026,2026-10-16,19,19,live,54,54,0,236,209,265,0.8,model,roster-pending,0,0,n5v5,edefda5b67b95dbe,8be6c3f479a3
2026-09-27,2026-09-27 22:29:33,nightly,0,Eastern Class Championships,2026,2026-10-16,19,19,live,54,54,0,235,184,299,0.8,metadata_pace,,0,0,n5v5,edefda5b67b95dbe,8be6c3f479a3
2026-09-27,2026-09-27 22:29:33,nightly,0,Eastern Class Championships,2026,2026-10-16,19,19,live,54,54,0,221,198,246,0.8,metadata_historical_avg,,0,0,n5v5,edefda5b67b95dbe,8be6c3f479a3
2026-09-27,2026-09-27 22:29:33,nightly,1,Eastern Chess Congress,2026,2026-10-23,26,26,live,56,56,2,461,414,513,0.8,model,roster-pending,0,0,n5v5,edefda5b67b95dbe,8be6c3f479a3
2026-09-27,2026-09-27 22:29:33,nightly,0,Eastern Chess Congress,2026,2026-10-23,26,26,live,56,56,2,401,302,533,0.8,metadata_pace,,0,0,n5v5,edefda5b67b95dbe,8be6c3f479a3
2026-09-27,2026-09-27 22:29:33,nightly,0,Eastern Chess Congress,2026,2026-10-23,26,26,live,56,56,2,469,404,513,0.8,metadata_historical_avg,,0,0,n5v5,edefda5b67b95dbe,8be6c3f479a3
2026-09-27,2026-09-27 22:29:33,nightly,1,Los Angeles Open,2026,2026-11-06,40,40,live,40,40,1,395,370,422,0.8,model,roster-pending,0,0,n5v5,edefda5b67b95dbe,8be6c3f479a3
2026-09-27,2026-09-27 22:29:33,nightly,0,Los Angeles Open,2026,2026-11-06,40,40,live,40,40,1,285,229,355,0.8,metadata_pace,,0,0,n5v5,edefda5b67b95dbe,8be6c3f479a3
2026-09-27,2026-09-27 22:29:33,nightly,0,Los Angeles Open,2026,2026-11-06,40,40,live,40,40,1,365,289,413,0.8,metadata_historical_avg,,0,0,n5v5,edefda5b67b95dbe,8be6c3f479a3
2026-09-27,2026-09-27 22:29:33,nightly,1,Kings Island Open,2026,2026-11-13,47,47,live,17,17,0,350,326,376,0.8,model,roster-pending,0,0,n5v5,edefda5b67b95dbe,8be6c3f479a3
2026-09-27,2026-09-27 22:29:33,nightly,0,Kings Island Open,2026,2026-11-13,47,47,live,17,17,0,250,211,296,0.8,metadata_pace,,0,0,n5v5,edefda5b67b95dbe,8be6c3f479a3
2026-09-27,2026-09-27 22:29:33,nightly,0,Kings Island Open,2026,2026-11-13,47,47,live,17,17,0,346,318,364,0.8,metadata_historical_avg,,0,0,n5v5,edefda5b67b95dbe,8be6c3f479a3
2026-09-27,2026-09-27 22:29:33,nightly,1,National Chess Congress,2026,2026-11-27,61,61,live,34,34,0,670,607,740,0.8,model,roster-pending,0,0,n5v5,edefda5b67b95dbe,8be6c3f479a3
2026-09-27,2026-09-27 22:29:33,nightly,0,National Chess Congress,2026,2026-11-27,61,61,live,34,34,0,754,581,979,0.8,metadata_pace,,0,0,n5v5,edefda5b67b95dbe,8be6c3f479a3
2026-09-27,2026-09-27 22:29:33,nightly,0,National Chess Congress,2026,2026-11-27,61,61,live,34,34,0,623,572,677,0.8,metadata_historical_avg,,0,0,n5v5,edefda5b67b95dbe,8be6c3f479a3
2026-09-27,2026-09-27 22:29:33,nightly,1,North American Open,2026,2026-12-26,90,90,live,297,297,2,1206,1107,1314,0.8,model,roster-pending,0,0,n5v5,edefda5b67b95dbe,8be6c3f479a3
2026-09-27,2026-09-27 22:29:33,nightly,0,North American Open,2026,2026-12-26,90,90,live,297,297,2,1299,1052,1603,0.8,metadata_pace,,0,0,n5v5,edefda5b67b95dbe,8be6c3f479a3
2026-09-27,2026-09-27 22:29:33,nightly,0,North American Open,2026,2026-12-26,90,90,live,297,297,2,1081,946,1199,0.8,metadata_historical_avg,,0,0,n5v5,edefda5b67b95dbe,8be6c3f479a3
2026-09-27,2026-09-27 22:29:33,nightly,1,Eastern Open,2026,2026-12-26,90,90,live,2,2,0,369,299,443,0.8,model,roster-pending,0,0,n5v5,edefda5b67b95dbe,8be6c3f479a3
2026-09-27,2026-09-27 22:29:33,nightly,0,Eastern Open,2026,2026-12-26,90,90,live,2,2,0,220,220,329,0.8,metadata_pace,,0,0,n5v5,edefda5b67b95dbe,8be6c3f479a3
2026-09-27,2026-09-27 22:29:33,nightly,0,Eastern Open,2026,2026-12-26,90,90,live,2,2,0,387,367,404,0.8,metadata_historical_avg,,0,0,n5v5,edefda5b67b95dbe,8be6c3f479a3
2026-09-27,2026-09-27 22:29:33,nightly,1,Boston Chess Congress,2027,2027-01-08,103,103,live,2,2,0,338,278,387,0.8,metadata_historical_avg,roster-pending,1,0,n5v5,edefda5b67b95dbe,8be6c3f479a3
2026-09-27,2026-09-27 22:29:33,nightly,1,Golden State Open,2027,2027-01-15,110,110,live,0,0,0,316,274,382,0.8,metadata_historical_avg,roster-pending,1,0,n5v5,edefda5b67b95dbe,8be6c3f479a3
2026-09-27,2026-09-27 22:29:33,nightly,1,Liberty Bell Open,2027,2027-01-15,110,110,live,2,2,0,449,324,547,0.8,metadata_historical_avg,roster-pending,1,0,n5v5,edefda5b67b95dbe,8be6c3f479a3
2026-09-27,2026-09-27 22:29:33,nightly,1,Southwest Class Championships,2027,2027-02-11,137,137,live,0,0,0,438,391,490,0.8,metadata_historical_avg,roster-pending,1,0,n5v5,edefda5b67b95dbe,8be6c3f479a3
2026-09-27,2026-09-27 22:29:33,nightly,1,George Washington Open,2027,2027-02-26,152,152,live,1,1,0,264,225,313,0.8,metadata_historical_avg,roster-pending,1,0,n5v5,edefda5b67b95dbe,8be6c3f479a3
2026-09-27,2026-09-27 22:29:33,nightly,1,Western Class Championships,2027,2027-03-12,166,166,live,0,0,0,348,285,405,0.8,metadata_historical_avg,roster-pending,1,0,n5v5,edefda5b67b95dbe,8be6c3f479a3
2026-09-27,2026-09-27 22:29:33,nightly,1,Mid-America Open,2027,2027-03-19,173,173,live,0,0,0,283,231,324,0.8,metadata_historical_avg,roster-pending,1,0,n5v5,edefda5b67b95dbe,8be6c3f479a3
2026-09-27,2026-09-27 22:29:33,nightly,1,Southern Class Championships,2027,2027-03-19,173,173,live,1,1,0,214,182,261,0.8,metadata_historical_avg,roster-pending,1,0,n5v5,edefda5b67b95dbe,8be6c3f479a3
2026-09-27,2026-09-27 22:29:33,nightly,1,Atlantic City Open,2027,2027-03-24,178,178,live,1,1,0,465,419,523,0.8,metadata_historical_avg,roster-pending,1,0,n5v5,edefda5b67b95dbe,8be6c3f479a3
2026-09-27,2026-09-27 22:48:09,nightly,1,Midwest Class Championships,2026,2026-10-09,12,12,live,62,62,0,272,251,296,0.8,model,roster-pending,0,0,n5v5,6b0bd39145d00730,80735a04381d
2026-09-27,2026-09-27 22:48:09,nightly,0,Midwest Class Championships,2026,2026-10-09,12,12,live,62,62,0,243,215,274,0.8,metadata_pace,,0,0,n5v5,6b0bd39145d00730,80735a04381d
2026-09-27,2026-09-27 22:48:09,nightly,0,Midwest Class Championships,2026,2026-10-09,12,12,live,62,62,0,313,296,338,0.8,metadata_historical_avg,,0,0,n5v5,6b0bd39145d00730,80735a04381d
2026-09-27,2026-09-27 22:48:09,nightly,1,Eastern Class Championships,2026,2026-10-16,19,19,live,54,54,0,236,211,263,0.8,model,roster-pending,0,0,n5v5,6b0bd39145d00730,80735a04381d
2026-09-27,2026-09-27 22:48:09,nightly,0,Eastern Class Championships,2026,2026-10-16,19,19,live,54,54,0,235,184,299,0.8,metadata_pace,,0,0,n5v5,6b0bd39145d00730,80735a04381d
2026-09-27,2026-09-27 22:48:09,nightly,0,Eastern Class Championships,2026,2026-10-16,19,19,live,54,54,0,221,198,246,0.8,metadata_historical_avg,,0,0,n5v5,6b0bd39145d00730,80735a04381d
2026-09-27,2026-09-27 22:48:09,nightly,1,Eastern Chess Congress,2026,2026-10-23,26,26,live,56,56,2,461,414,513,0.8,model,roster-pending,0,0,n5v5,6b0bd39145d00730,80735a04381d
2026-09-27,2026-09-27 22:48:09,nightly,0,Eastern Chess Congress,2026,2026-10-23,26,26,live,56,56,2,401,302,533,0.8,metadata_pace,,0,0,n5v5,6b0bd39145d00730,80735a04381d
2026-09-27,2026-09-27 22:48:09,nightly,0,Eastern Chess Congress,2026,2026-10-23,26,26,live,56,56,2,469,404,513,0.8,metadata_historical_avg,,0,0,n5v5,6b0bd39145d00730,80735a04381d
2026-09-27,2026-09-27 22:48:09,nightly,1,Los Angeles Open,2026,2026-11-06,40,40,live,40,40,1,395,370,422,0.8,model,roster-pending,0,0,n5v5,6b0bd39145d00730,80735a04381d
2026-09-27,2026-09-27 22:48:09,nightly,0,Los Angeles Open,2026,2026-11-06,40,40,live,40,40,1,285,229,355,0.8,metadata_pace,,0,0,n5v5,6b0bd39145d00730,80735a04381d
2026-09-27,2026-09-27 22:48:09,nightly,0,Los Angeles Open,2026,2026-11-06,40,40,live,40,40,1,365,289,413,0.8,metadata_historical_avg,,0,0,n5v5,6b0bd39145d00730,80735a04381d
2026-09-27,2026-09-27 22:48:09,nightly,1,Kings Island Open,2026,2026-11-13,47,47,live,17,17,0,350,326,376,0.8,model,roster-pending,0,0,n5v5,6b0bd39145d00730,80735a04381d
2026-09-27,2026-09-27 22:48:09,nightly,0,Kings Island Open,2026,2026-11-13,47,47,live,17,17,0,250,211,296,0.8,metadata_pace,,0,0,n5v5,6b0bd39145d00730,80735a04381d
2026-09-27,2026-09-27 22:48:09,nightly,0,Kings Island Open,2026,2026-11-13,47,47,live,17,17,0,346,318,364,0.8,metadata_historical_avg,,0,0,n5v5,6b0bd39145d00730,80735a04381d
2026-09-27,2026-09-27 22:48:09,nightly,1,National Chess Congress,2026,2026-11-27,61,61,live,34,34,0,670,607,740,0.8,model,roster-pending,0,0,n5v5,6b0bd39145d00730,80735a04381d
2026-09-27,2026-09-27 22:48:09,nightly,0,National Chess Congress,2026,2026-11-27,61,61,live,34,34,0,754,581,979,0.8,metadata_pace,,0,0,n5v5,6b0bd39145d00730,80735a04381d
2026-09-27,2026-09-27 22:48:09,nightly,0,National Chess Congress,2026,2026-11-27,61,61,live,34,34,0,623,572,677,0.8,metadata_historical_avg,,0,0,n5v5,6b0bd39145d00730,80735a04381d
2026-09-27,2026-09-27 22:48:09,nightly,1,North American Open,2026,2026-12-26,90,90,live,297,297,2,1206,1107,1314,0.8,model,roster-pending,0,0,n5v5,6b0bd39145d00730,80735a04381d
2026-09-27,2026-09-27 22:48:09,nightly,0,North American Open,2026,2026-12-26,90,90,live,297,297,2,1299,1052,1603,0.8,metadata_pace,,0,0,n5v5,6b0bd39145d00730,80735a04381d
2026-09-27,2026-09-27 22:48:09,nightly,0,North American Open,2026,2026-12-26,90,90,live,297,297,2,1081,946,1199,0.8,metadata_historical_avg,,0,0,n5v5,6b0bd39145d00730,80735a04381d
2026-09-27,2026-09-27 22:48:09,nightly,1,Eastern Open,2026,2026-12-26,90,90,live,2,2,0,369,299,443,0.8,model,roster-pending,0,0,n5v5,6b0bd39145d00730,80735a04381d
2026-09-27,2026-09-27 22:48:09,nightly,0,Eastern Open,2026,2026-12-26,90,90,live,2,2,0,220,220,329,0.8,metadata_pace,,0,0,n5v5,6b0bd39145d00730,80735a04381d
2026-09-27,2026-09-27 22:48:09,nightly,0,Eastern Open,2026,2026-12-26,90,90,live,2,2,0,387,367,404,0.8,metadata_historical_avg,,0,0,n5v5,6b0bd39145d00730,80735a04381d
2026-09-27,2026-09-27 22:48:09,nightly,1,Boston Chess Congress,2027,2027-01-08,103,103,live,2,2,0,338,278,387,0.8,metadata_historical_avg,roster-pending,1,0,n5v5,6b0bd39145d00730,80735a04381d
2026-09-27,2026-09-27 22:48:09,nightly,1,Golden State Open,2027,2027-01-15,110,110,live,0,0,0,316,274,382,0.8,metadata_historical_avg,roster-pending,1,0,n5v5,6b0bd39145d00730,80735a04381d
2026-09-27,2026-09-27 22:48:09,nightly,1,Liberty Bell Open,2027,2027-01-15,110,110,live,2,2,0,449,324,547,0.8,metadata_historical_avg,roster-pending,1,0,n5v5,6b0bd39145d00730,80735a04381d
2026-09-27,2026-09-27 22:48:09,nightly,1,Southwest Class Championships,2027,2027-02-11,137,137,live,0,0,0,438,391,490,0.8,metadata_historical_avg,roster-pending,1,0,n5v5,6b0bd39145d00730,80735a04381d
2026-09-27,2026-09-27 22:48:09,nightly,1,George Washington Open,2027,2027-02-26,152,152,live,1,1,0,264,225,313,0.8,metadata_historical_avg,roster-pending,1,0,n5v5,6b0bd39145d00730,80735a04381d
2026-09-27,2026-09-27 22:48:09,nightly,1,Western Class Championships,2027,2027-03-12,166,166,live,0,0,0,348,285,405,0.8,metadata_historical_avg,roster-pending,1,0,n5v5,6b0bd39145d00730,80735a04381d
2026-09-27,2026-09-27 22:48:09,nightly,1,Mid-America Open,2027,2027-03-19,173,173,live,0,0,0,283,231,324,0.8,metadata_historical_avg,roster-pending,1,0,n5v5,6b0bd39145d00730,80735a04381d
2026-09-27,2026-09-27 22:48:09,nightly,1,Southern Class Championships,2027,2027-03-19,173,173,live,1,1,0,214,182,261,0.8,metadata_historical_avg,roster-pending,1,0,n5v5,6b0bd39145d00730,80735a04381d
2026-09-27,2026-09-27 22:48:09,nightly,1,Atlantic City Open,2027,2027-03-24,178,178,live,1,1,0,465,419,523,0.8,metadata_historical_avg,roster-pending,1,0,n5v5,6b0bd39145d00730,80735a04381d
2026-09-27,2026-09-27 23:03:24,nightly,1,Midwest Class Championships,2026,2026-10-09,12,12,live,63,63,0,273,252,297,0.8,model,roster-pending,0,0,n5v6,e0e6631e4c8e940d,39b1e5f15d11
2026-09-27,2026-09-27 23:03:24,nightly,0,Midwest Class Championships,2026,2026-10-09,12,12,live,63,63,0,247,219,278,0.8,metadata_pace,,0,0,n5v6,e0e6631e4c8e940d,39b1e5f15d11
2026-09-27,2026-09-27 23:03:24,nightly,0,Midwest Class Championships,2026,2026-10-09,12,12,live,63,63,0,313,296,338,0.8,metadata_historical_avg,,0,0,n5v6,e0e6631e4c8e940d,39b1e5f15d11
2026-09-27,2026-09-27 23:03:24,nightly,1,Eastern Class Championships,2026,2026-10-16,19,19,live,54,54,0,236,211,263,0.8,model,roster-pending,0,0,n5v6,e0e6631e4c8e940d,39b1e5f15d11
2026-09-27,2026-09-27 23:03:24,nightly,0,Eastern Class Championships,2026,2026-10-16,19,19,live,54,54,0,235,184,299,0.8,metadata_pace,,0,0,n5v6,e0e6631e4c8e940d,39b1e5f15d11
2026-09-27,2026-09-27 23:03:24,nightly,0,Eastern Class Championships,2026,2026-10-16,19,19,live,54,54,0,221,198,246,0.8,metadata_historical_avg,,0,0,n5v6,e0e6631e4c8e940d,39b1e5f15d11
2026-09-27,2026-09-27 23:03:24,nightly,1,Eastern Chess Congress,2026,2026-10-23,26,26,live,56,56,2,461,414,513,0.8,model,roster-pending,0,0,n5v6,e0e6631e4c8e940d,39b1e5f15d11
2026-09-27,2026-09-27 23:03:24,nightly,0,Eastern Chess Congress,2026,2026-10-23,26,26,live,56,56,2,401,302,533,0.8,metadata_pace,,0,0,n5v6,e0e6631e4c8e940d,39b1e5f15d11
2026-09-27,2026-09-27 23:03:24,nightly,0,Eastern Chess Congress,2026,2026-10-23,26,26,live,56,56,2,469,404,513,0.8,metadata_historical_avg,,0,0,n5v6,e0e6631e4c8e940d,39b1e5f15d11
2026-09-27,2026-09-27 23:03:24,nightly,1,Los Angeles Open,2026,2026-11-06,40,40,live,40,40,1,395,370,422,0.8,model,roster-pending,0,0,n5v6,e0e6631e4c8e940d,39b1e5f15d11
2026-09-27,2026-09-27 23:03:24,nightly,0,Los Angeles Open,2026,2026-11-06,40,40,live,40,40,1,285,229,355,0.8,metadata_pace,,0,0,n5v6,e0e6631e4c8e940d,39b1e5f15d11
2026-09-27,2026-09-27 23:03:24,nightly,0,Los Angeles Open,2026,2026-11-06,40,40,live,40,40,1,365,289,413,0.8,metadata_historical_avg,,0,0,n5v6,e0e6631e4c8e940d,39b1e5f15d11
2026-09-27,2026-09-27 23:03:24,nightly,1,Kings Island Open,2026,2026-11-13,47,47,live,17,17,0,350,326,376,0.8,model,roster-pending,0,0,n5v6,e0e6631e4c8e940d,39b1e5f15d11
2026-09-27,2026-09-27 23:03:24,nightly,0,Kings Island Open,2026,2026-11-13,47,47,live,17,17,0,250,211,296,0.8,metadata_pace,,0,0,n5v6,e0e6631e4c8e940d,39b1e5f15d11
2026-09-27,2026-09-27 23:03:24,nightly,0,Kings Island Open,2026,2026-11-13,47,47,live,17,17,0,346,318,364,0.8,metadata_historical_avg,,0,0,n5v6,e0e6631e4c8e940d,39b1e5f15d11
2026-09-27,2026-09-27 23:03:24,nightly,1,National Chess Congress,2026,2026-11-27,61,61,live,34,34,0,670,607,740,0.8,model,roster-pending,0,0,n5v6,e0e6631e4c8e940d,39b1e5f15d11
2026-09-27,2026-09-27 23:03:24,nightly,0,National Chess Congress,2026,2026-11-27,61,61,live,34,34,0,754,581,979,0.8,metadata_pace,,0,0,n5v6,e0e6631e4c8e940d,39b1e5f15d11
2026-09-27,2026-09-27 23:03:24,nightly,0,National Chess Congress,2026,2026-11-27,61,61,live,34,34,0,623,572,677,0.8,metadata_historical_avg,,0,0,n5v6,e0e6631e4c8e940d,39b1e5f15d11
2026-09-27,2026-09-27 23:03:24,nightly,1,North American Open,2026,2026-12-26,90,90,live,297,297,2,1206,1107,1314,0.8,model,roster-pending,0,0,n5v6,e0e6631e4c8e940d,39b1e5f15d11
2026-09-27,2026-09-27 23:03:24,nightly,0,North American Open,2026,2026-12-26,90,90,live,297,297,2,1299,1052,1603,0.8,metadata_pace,,0,0,n5v6,e0e6631e4c8e940d,39b1e5f15d11
2026-09-27,2026-09-27 23:03:24,nightly,0,North American Open,2026,2026-12-26,90,90,live,297,297,2,1081,946,1199,0.8,metadata_historical_avg,,0,0,n5v6,e0e6631e4c8e940d,39b1e5f15d11
2026-09-27,2026-09-27 23:03:24,nightly,1,Eastern Open,2026,2026-12-26,90,90,live,2,2,0,369,299,443,0.8,model,roster-pending,0,0,n5v6,e0e6631e4c8e940d,39b1e5f15d11
2026-09-27,2026-09-27 23:03:24,nightly,0,Eastern Open,2026,2026-12-26,90,90,live,2,2,0,220,220,329,0.8,metadata_pace,,0,0,n5v6,e0e6631e4c8e940d,39b1e5f15d11
2026-09-27,2026-09-27 23:03:24,nightly,0,Eastern Open,2026,2026-12-26,90,90,live,2,2,0,387,367,404,0.8,metadata_historical_avg,,0,0,n5v6,e0e6631e4c8e940d,39b1e5f15d11
2026-09-27,2026-09-27 23:03:24,nightly,1,Boston Chess Congress,2027,2027-01-08,103,103,live,2,2,0,338,278,387,0.8,metadata_historical_avg,roster-pending,1,0,n5v6,e0e6631e4c8e940d,39b1e5f15d11
2026-09-27,2026-09-27 23:03:24,nightly,1,Golden State Open,2027,2027-01-15,110,110,live,0,0,0,316,274,382,0.8,metadata_historical_avg,roster-pending,1,0,n5v6,e0e6631e4c8e940d,39b1e5f15d11
2026-09-27,2026-09-27 23:03:24,nightly,1,Liberty Bell Open,2027,2027-01-15,110,110,live,2,2,0,449,324,547,0.8,metadata_historical_avg,roster-pending,1,0,n5v6,e0e6631e4c8e940d,39b1e5f15d11
2026-09-27,2026-09-27 23:03:24,nightly,1,Southwest Class Championships,2027,2027-02-11,137,137,live,0,0,0,438,391,490,0.8,metadata_historical_avg,roster-pending,1,0,n5v6,e0e6631e4c8e940d,39b1e5f15d11
2026-09-27,2026-09-27 23:03:24,nightly,1,George Washington Open,2027,2027-02-26,152,152,live,1,1,0,264,225,313,0.8,metadata_historical_avg,roster-pending,1,0,n5v6,e0e6631e4c8e940d,39b1e5f15d11
2026-09-27,2026-09-27 23:03:24,nightly,1,Western Class Championships,2027,2027-03-12,166,166,live,0,0,0,348,285,405,0.8,metadata_historical_avg,roster-pending,1,0,n5v6,e0e6631e4c8e940d,39b1e5f15d11
2026-09-27,2026-09-27 23:03:24,nightly,1,Mid-America Open,2027,2027-03-19,173,173,live,0,0,0,283,231,324,0.8,metadata_historical_avg,roster-pending,1,0,n5v6,e0e6631e4c8e940d,39b1e5f15d11
2026-09-27,2026-09-27 23:03:24,nightly,1,Southern Class Championships,2027,2027-03-19,173,173,live,1,1,0,214,182,261,0.8,metadata_historical_avg,roster-pending,1,0,n5v6,e0e6631e4c8e940d,39b1e5f15d11
2026-09-27,2026-09-27 23:03:24,nightly,1,Atlantic City Open,2027,2027-03-24,178,178,live,1,1,0,465,419,523,0.8,metadata_historical_avg,roster-pending,1,0,n5v6,e0e6631e4c8e940d,39b1e5f15d11
2026-09-28,2026-09-28 06:56:47,nightly,1,Midwest Class Championships,2026,2026-10-09,11,11,live,63,63,0,267,246,290,0.8,model,roster-pending,0,0,n5v6,e0e6631e4c8e940d,40f003044e1b
2026-09-28,2026-09-28 06:56:47,nightly,0,Midwest Class Championships,2026,2026-10-09,11,11,live,63,63,0,247,219,278,0.8,metadata_pace,,0,0,n5v6,e0e6631e4c8e940d,40f003044e1b
2026-09-28,2026-09-28 06:56:47,nightly,0,Midwest Class Championships,2026,2026-10-09,11,11,live,63,63,0,313,296,338,0.8,metadata_historical_avg,,0,0,n5v6,e0e6631e4c8e940d,40f003044e1b
2026-09-28,2026-09-28 06:56:47,nightly,1,Eastern Class Championships,2026,2026-10-16,18,18,live,54,54,0,231,208,258,0.8,model,roster-pending,0,0,n5v6,e0e6631e4c8e940d,40f003044e1b
2026-09-28,2026-09-28 06:56:47,nightly,0,Eastern Class Championships,2026,2026-10-16,18,18,live,54,54,0,235,184,299,0.8,metadata_pace,,0,0,n5v6,e0e6631e4c8e940d,40f003044e1b
2026-09-28,2026-09-28 06:56:47,nightly,0,Eastern Class Championships,2026,2026-10-16,18,18,live,54,54,0,221,198,246,0.8,metadata_historical_avg,,0,0,n5v6,e0e6631e4c8e940d,40f003044e1b
2026-09-28,2026-09-28 06:56:47,nightly,1,Eastern Chess Congress,2026,2026-10-23,25,25,live,56,56,2,458,412,509,0.8,model,roster-pending,0,0,n5v6,e0e6631e4c8e940d,40f003044e1b
2026-09-28,2026-09-28 06:56:47,nightly,0,Eastern Chess Congress,2026,2026-10-23,25,25,live,56,56,2,401,302,533,0.8,metadata_pace,,0,0,n5v6,e0e6631e4c8e940d,40f003044e1b
2026-09-28,2026-09-28 06:56:47,nightly,0,Eastern Chess Congress,2026,2026-10-23,25,25,live,56,56,2,469,404,513,0.8,metadata_historical_avg,,0,0,n5v6,e0e6631e4c8e940d,40f003044e1b
2026-09-28,2026-09-28 06:56:47,nightly,1,Los Angeles Open,2026,2026-11-06,39,39,live,40,40,1,394,369,421,0.8,model,roster-pending,0,0,n5v6,e0e6631e4c8e940d,40f003044e1b
2026-09-28,2026-09-28 06:56:47,nightly,0,Los Angeles Open,2026,2026-11-06,39,39,live,40,40,1,285,229,355,0.8,metadata_pace,,0,0,n5v6,e0e6631e4c8e940d,40f003044e1b
2026-09-28,2026-09-28 06:56:47,nightly,0,Los Angeles Open,2026,2026-11-06,39,39,live,40,40,1,365,289,413,0.8,metadata_historical_avg,,0,0,n5v6,e0e6631e4c8e940d,40f003044e1b
2026-09-28,2026-09-28 06:56:47,nightly,1,Kings Island Open,2026,2026-11-13,46,46,live,17,17,0,350,326,375,0.8,model,roster-pending,0,0,n5v6,e0e6631e4c8e940d,40f003044e1b
2026-09-28,2026-09-28 06:56:47,nightly,0,Kings Island Open,2026,2026-11-13,46,46,live,17,17,0,250,211,296,0.8,metadata_pace,,0,0,n5v6,e0e6631e4c8e940d,40f003044e1b
2026-09-28,2026-09-28 06:56:47,nightly,0,Kings Island Open,2026,2026-11-13,46,46,live,17,17,0,346,318,364,0.8,metadata_historical_avg,,0,0,n5v6,e0e6631e4c8e940d,40f003044e1b
2026-09-28,2026-09-28 06:56:47,nightly,1,National Chess Congress,2026,2026-11-27,60,60,live,36,36,0,671,609,739,0.8,model,roster-pending,0,0,n5v6,e0e6631e4c8e940d,40f003044e1b
2026-09-28,2026-09-28 06:56:47,nightly,0,National Chess Congress,2026,2026-11-27,60,60,live,36,36,0,799,616,1036,0.8,metadata_pace,,0,0,n5v6,e0e6631e4c8e940d,40f003044e1b
2026-09-28,2026-09-28 06:56:47,nightly,0,National Chess Congress,2026,2026-11-27,60,60,live,36,36,0,623,572,677,0.8,metadata_historical_avg,,0,0,n5v6,e0e6631e4c8e940d,40f003044e1b
2026-09-28,2026-09-28 06:56:47,nightly,1,North American Open,2026,2026-12-26,89,89,live,297,297,2,1205,1106,1313,0.8,model,roster-pending,0,0,n5v6,e0e6631e4c8e940d,40f003044e1b
2026-09-28,2026-09-28 06:56:47,nightly,0,North American Open,2026,2026-12-26,89,89,live,297,297,2,1299,1052,1603,0.8,metadata_pace,,0,0,n5v6,e0e6631e4c8e940d,40f003044e1b
2026-09-28,2026-09-28 06:56:47,nightly,0,North American Open,2026,2026-12-26,89,89,live,297,297,2,1081,946,1199,0.8,metadata_historical_avg,,0,0,n5v6,e0e6631e4c8e940d,40f003044e1b
2026-09-28,2026-09-28 06:56:47,nightly,1,Eastern Open,2026,2026-12-26,89,89,live,2,2,0,369,299,443,0.8,model,roster-pending,0,0,n5v6,e0e6631e4c8e940d,40f003044e1b
2026-09-28,2026-09-28 06:56:47,nightly,0,Eastern Open,2026,2026-12-26,89,89,live,2,2,0,220,220,329,0.8,metadata_pace,,0,0,n5v6,e0e6631e4c8e940d,40f003044e1b
2026-09-28,2026-09-28 06:56:47,nightly,0,Eastern Open,2026,2026-12-26,89,89,live,2,2,0,387,367,404,0.8,metadata_historical_avg,,0,0,n5v6,e0e6631e4c8e940d,40f003044e1b
2026-09-28,2026-09-28 06:56:47,nightly,1,Boston Chess Congress,2027,2027-01-08,102,102,live,2,2,0,338,278,387,0.8,metadata_historical_avg,roster-pending,1,0,n5v6,e0e6631e4c8e940d,40f003044e1b
2026-09-28,2026-09-28 06:56:47,nightly,1,Golden State Open,2027,2027-01-15,109,109,live,0,0,0,316,274,382,0.8,metadata_historical_avg,roster-pending,1,0,n5v6,e0e6631e4c8e940d,40f003044e1b
2026-09-28,2026-09-28 06:56:47,nightly,1,Liberty Bell Open,2027,2027-01-15,109,109,live,2,2,0,449,324,547,0.8,metadata_historical_avg,roster-pending,1,0,n5v6,e0e6631e4c8e940d,40f003044e1b
2026-09-28,2026-09-28 06:56:47,nightly,1,Southwest Class Championships,2027,2027-02-11,136,136,live,0,0,0,438,391,490,0.8,metadata_historical_avg,roster-pending,1,0,n5v6,e0e6631e4c8e940d,40f003044e1b
2026-09-28,2026-09-28 06:56:47,nightly,1,George Washington Open,2027,2027-02-26,151,151,live,1,1,0,264,225,313,0.8,metadata_historical_avg,roster-pending,1,0,n5v6,e0e6631e4c8e940d,40f003044e1b
2026-09-28,2026-09-28 06:56:47,nightly,1,Western Class Championships,2027,2027-03-12,165,165,live,0,0,0,348,285,405,0.8,metadata_historical_avg,roster-pending,1,0,n5v6,e0e6631e4c8e940d,40f003044e1b
2026-09-28,2026-09-28 06:56:47,nightly,1,Mid-America Open,2027,2027-03-19,172,172,live,0,0,0,283,231,324,0.8,metadata_historical_avg,roster-pending,1,0,n5v6,e0e6631e4c8e940d,40f003044e1b
2026-09-28,2026-09-28 06:56:47,nightly,1,Southern Class Championships,2027,2027-03-19,172,172,live,1,1,0,214,182,261,0.8,metadata_historical_avg,roster-pending,1,0,n5v6,e0e6631e4c8e940d,40f003044e1b
2026-09-28,2026-09-28 06:56:47,nightly,1,Atlantic City Open,2027,2027-03-24,177,177,live,1,1,0,465,419,523,0.8,metadata_historical_avg,roster-pending,1,0,n5v6,e0e6631e4c8e940d,40f003044e1b
2026-09-28,2026-09-28 07:12:35,nightly,1,Midwest Class Championships,2026,2026-10-09,11,11,live,63,63,0,267,246,290,0.8,model,roster-pending,0,0,n5v6,e0e6631e4c8e940d,81c1ea6ee3df
2026-09-28,2026-09-28 07:12:35,nightly,0,Midwest Class Championships,2026,2026-10-09,11,11,live,63,63,0,247,219,278,0.8,metadata_pace,,0,0,n5v6,e0e6631e4c8e940d,81c1ea6ee3df
2026-09-28,2026-09-28 07:12:35,nightly,0,Midwest Class Championships,2026,2026-10-09,11,11,live,63,63,0,313,296,338,0.8,metadata_historical_avg,,0,0,n5v6,e0e6631e4c8e940d,81c1ea6ee3df
2026-09-28,2026-09-28 07:12:35,nightly,1,Eastern Class Championships,2026,2026-10-16,18,18,live,54,54,0,231,208,258,0.8,model,roster-pending,0,0,n5v6,e0e6631e4c8e940d,81c1ea6ee3df
2026-09-28,2026-09-28 07:12:35,nightly,0,Eastern Class Championships,2026,2026-10-16,18,18,live,54,54,0,235,184,299,0.8,metadata_pace,,0,0,n5v6,e0e6631e4c8e940d,81c1ea6ee3df
2026-09-28,2026-09-28 07:12:35,nightly,0,Eastern Class Championships,2026,2026-10-16,18,18,live,54,54,0,221,198,246,0.8,metadata_historical_avg,,0,0,n5v6,e0e6631e4c8e940d,81c1ea6ee3df
2026-09-28,2026-09-28 07:12:35,nightly,1,Eastern Chess Congress,2026,2026-10-23,25,25,live,56,56,2,458,412,509,0.8,model,roster-pending,0,0,n5v6,e0e6631e4c8e940d,81c1ea6ee3df
2026-09-28,2026-09-28 07:12:35,nightly,0,Eastern Chess Congress,2026,2026-10-23,25,25,live,56,56,2,401,302,533,0.8,metadata_pace,,0,0,n5v6,e0e6631e4c8e940d,81c1ea6ee3df
2026-09-28,2026-09-28 07:12:35,nightly,0,Eastern Chess Congress,2026,2026-10-23,25,25,live,56,56,2,469,404,513,0.8,metadata_historical_avg,,0,0,n5v6,e0e6631e4c8e940d,81c1ea6ee3df
2026-09-28,2026-09-28 07:12:35,nightly,1,Los Angeles Open,2026,2026-11-06,39,39,live,40,40,1,394,369,421,0.8,model,roster-pending,0,0,n5v6,e0e6631e4c8e940d,81c1ea6ee3df
2026-09-28,2026-09-28 07:12:35,nightly,0,Los Angeles Open,2026,2026-11-06,39,39,live,40,40,1,285,229,355,0.8,metadata_pace,,0,0,n5v6,e0e6631e4c8e940d,81c1ea6ee3df
2026-09-28,2026-09-28 07:12:35,nightly,0,Los Angeles Open,2026,2026-11-06,39,39,live,40,40,1,365,289,413,0.8,metadata_historical_avg,,0,0,n5v6,e0e6631e4c8e940d,81c1ea6ee3df
2026-09-28,2026-09-28 07:12:35,nightly,1,Kings Island Open,2026,2026-11-13,46,46,live,17,17,0,350,326,375,0.8,model,roster-pending,0,0,n5v6,e0e6631e4c8e940d,81c1ea6ee3df
2026-09-28,2026-09-28 07:12:35,nightly,0,Kings Island Open,2026,2026-11-13,46,46,live,17,17,0,250,211,296,0.8,metadata_pace,,0,0,n5v6,e0e6631e4c8e940d,81c1ea6ee3df
2026-09-28,2026-09-28 07:12:35,nightly,0,Kings Island Open,2026,2026-11-13,46,46,live,17,17,0,346,318,364,0.8,metadata_historical_avg,,0,0,n5v6,e0e6631e4c8e940d,81c1ea6ee3df
2026-09-28,2026-09-28 07:12:35,nightly,1,National Chess Congress,2026,2026-11-27,60,60,live,36,36,0,671,609,739,0.8,model,roster-pending,0,0,n5v6,e0e6631e4c8e940d,81c1ea6ee3df
2026-09-28,2026-09-28 07:12:35,nightly,0,National Chess Congress,2026,2026-11-27,60,60,live,36,36,0,799,616,1036,0.8,metadata_pace,,0,0,n5v6,e0e6631e4c8e940d,81c1ea6ee3df
2026-09-28,2026-09-28 07:12:35,nightly,0,National Chess Congress,2026,2026-11-27,60,60,live,36,36,0,623,572,677,0.8,metadata_historical_avg,,0,0,n5v6,e0e6631e4c8e940d,81c1ea6ee3df
2026-09-28,2026-09-28 07:12:35,nightly,1,North American Open,2026,2026-12-26,89,89,live,297,297,2,1205,1106,1313,0.8,model,roster-pending,0,0,n5v6,e0e6631e4c8e940d,81c1ea6ee3df
2026-09-28,2026-09-28 07:12:35,nightly,0,North American Open,2026,2026-12-26,89,89,live,297,297,2,1299,1052,1603,0.8,metadata_pace,,0,0,n5v6,e0e6631e4c8e940d,81c1ea6ee3df
2026-09-28,2026-09-28 07:12:35,nightly,0,North American Open,2026,2026-12-26,89,89,live,297,297,2,1081,946,1199,0.8,metadata_historical_avg,,0,0,n5v6,e0e6631e4c8e940d,81c1ea6ee3df
2026-09-28,2026-09-28 07:12:35,nightly,1,Eastern Open,2026,2026-12-26,89,89,live,2,2,0,369,299,443,0.8,model,roster-pending,0,0,n5v6,e0e6631e4c8e940d,81c1ea6ee3df
2026-09-28,2026-09-28 07:12:35,nightly,0,Eastern Open,2026,2026-12-26,89,89,live,2,2,0,220,220,329,0.8,metadata_pace,,0,0,n5v6,e0e6631e4c8e940d,81c1ea6ee3df
2026-09-28,2026-09-28 07:12:35,nightly,0,Eastern Open,2026,2026-12-26,89,89,live,2,2,0,387,367,404,0.8,metadata_historical_avg,,0,0,n5v6,e0e6631e4c8e940d,81c1ea6ee3df
2026-09-28,2026-09-28 07:12:35,nightly,1,Boston Chess Congress,2027,2027-01-08,102,102,live,2,2,0,338,278,387,0.8,metadata_historical_avg,roster-pending,1,0,n5v6,e0e6631e4c8e940d,81c1ea6ee3df
2026-09-28,2026-09-28 07:12:35,nightly,1,Golden State Open,2027,2027-01-15,109,109,live,0,0,0,316,274,382,0.8,metadata_historical_avg,roster-pending,1,0,n5v6,e0e6631e4c8e940d,81c1ea6ee3df
2026-09-28,2026-09-28 07:12:35,nightly,1,Liberty Bell Open,2027,2027-01-15,109,109,live,2,2,0,449,324,547,0.8,metadata_historical_avg,roster-pending,1,0,n5v6,e0e6631e4c8e940d,81c1ea6ee3df
2026-09-28,2026-09-28 07:12:35,nightly,1,Southwest Class Championships,2027,2027-02-11,136,136,live,0,0,0,438,391,490,0.8,metadata_historical_avg,roster-pending,1,0,n5v6,e0e6631e4c8e940d,81c1ea6ee3df
2026-09-28,2026-09-28 07:12:35,nightly,1,George Washington Open,2027,2027-02-26,151,151,live,1,1,0,264,225,313,0.8,metadata_historical_avg,roster-pending,1,0,n5v6,e0e6631e4c8e940d,81c1ea6ee3df
2026-09-28,2026-09-28 07:12:35,nightly,1,Western Class Championships,2027,2027-03-12,165,165,live,0,0,0,348,285,405,0.8,metadata_historical_avg,roster-pending,1,0,n5v6,e0e6631e4c8e940d,81c1ea6ee3df
2026-09-28,2026-09-28 07:12:35,nightly,1,Mid-America Open,2027,2027-03-19,172,172,live,0,0,0,283,231,324,0.8,metadata_historical_avg,roster-pending,1,0,n5v6,e0e6631e4c8e940d,81c1ea6ee3df
2026-09-28,2026-09-28 07:12:35,nightly,1,Southern Class Championships,2027,2027-03-19,172,172,live,1,1,0,214,182,261,0.8,metadata_historical_avg,roster-pending,1,0,n5v6,e0e6631e4c8e940d,81c1ea6ee3df
2026-09-28,2026-09-28 07:12:35,nightly,1,Atlantic City Open,2027,2027-03-24,177,177,live,1,1,0,465,419,523,0.8,metadata_historical_avg,roster-pending,1,0,n5v6,e0e6631e4c8e940d,81c1ea6ee3df
2026-09-29,2026-09-29 06:56:45,nightly,1,Midwest Class Championships,2026,2026-10-09,10,10,live,66,66,0,263,237,292,0.8,model,roster-pending,0,0,n5v6,e0e6631e4c8e940d,19eb663bd820
2026-09-29,2026-09-29 06:56:45,nightly,0,Midwest Class Championships,2026,2026-10-09,10,10,live,66,66,0,175,175,183,0.8,metadata_pace,,0,0,n5v6,e0e6631e4c8e940d,19eb663bd820
2026-09-29,2026-09-29 06:56:45,nightly,0,Midwest Class Championships,2026,2026-10-09,10,10,live,66,66,0,313,296,338,0.8,metadata_historical_avg,,0,0,n5v6,e0e6631e4c8e940d,19eb663bd820
2026-09-29,2026-09-29 06:56:45,nightly,1,Eastern Class Championships,2026,2026-10-16,17,17,live,54,54,0,227,204,253,0.8,model,roster-pending,0,0,n5v6,e0e6631e4c8e940d,19eb663bd820
2026-09-29,2026-09-29 06:56:45,nightly,0,Eastern Class Championships,2026,2026-10-16,17,17,live,54,54,0,235,184,299,0.8,metadata_pace,,0,0,n5v6,e0e6631e4c8e940d,19eb663bd820
2026-09-29,2026-09-29 06:56:45,nightly,0,Eastern Class Championships,2026,2026-10-16,17,17,live,54,54,0,221,198,246,0.8,metadata_historical_avg,,0,0,n5v6,e0e6631e4c8e940d,19eb663bd820
2026-09-29,2026-09-29 06:56:45,nightly,1,Eastern Chess Congress,2026,2026-10-23,24,24,live,56,56,2,455,410,506,0.8,model,roster-pending,0,0,n5v6,e0e6631e4c8e940d,19eb663bd820
2026-09-29,2026-09-29 06:56:45,nightly,0,Eastern Chess Congress,2026,2026-10-23,24,24,live,56,56,2,401,302,533,0.8,metadata_pace,,0,0,n5v6,e0e6631e4c8e940d,19eb663bd820
2026-09-29,2026-09-29 06:56:45,nightly,0,Eastern Chess Congress,2026,2026-10-23,24,24,live,56,56,2,469,404,513,0.8,metadata_historical_avg,,0,0,n5v6,e0e6631e4c8e940d,19eb663bd820
2026-09-29,2026-09-29 06:56:45,nightly,1,Los Angeles Open,2026,2026-11-06,38,38,live,41,41,1,394,370,420,0.8,model,roster-pending,0,0,n5v6,e0e6631e4c8e940d,19eb663bd820
2026-09-29,2026-09-29 06:56:45,nightly,0,Los Angeles Open,2026,2026-11-06,38,38,live,41,41,1,292,235,364,0.8,metadata_pace,,0,0,n5v6,e0e6631e4c8e940d,19eb663bd820
2026-09-29,2026-09-29 06:56:45,nightly,0,Los Angeles Open,2026,2026-11-06,38,38,live,41,41,1,365,289,413,0.8,metadata_historical_avg,,0,0,n5v6,e0e6631e4c8e940d,19eb663bd820
2026-09-29,2026-09-29 06:56:45,nightly,1,Kings Island Open,2026,2026-11-13,45,45,live,17,17,0,349,326,374,0.8,model,roster-pending,0,0,n5v6,e0e6631e4c8e940d,19eb663bd820
2026-09-29,2026-09-29 06:56:45,nightly,0,Kings Island Open,2026,2026-11-13,45,45,live,17,17,0,250,211,296,0.8,metadata_pace,,0,0,n5v6,e0e6631e4c8e940d,19eb663bd820
2026-09-29,2026-09-29 06:56:45,nightly,0,Kings Island Open,2026,2026-11-13,45,45,live,17,17,0,346,318,364,0.8,metadata_historical_avg,,0,0,n5v6,e0e6631e4c8e940d,19eb663bd820
2026-09-29,2026-09-29 06:56:45,nightly,1,National Chess Congress,2026,2026-11-27,59,59,live,45,45,0,681,619,749,0.8,model,roster-pending,0,0,n5v6,e0e6631e4c8e940d,19eb663bd820
2026-09-29,2026-09-29 06:56:45,nightly,0,National Chess Congress,2026,2026-11-27,59,59,live,45,45,0,998,770,1057,0.8,metadata_pace,,0,0,n5v6,e0e6631e4c8e940d,19eb663bd820
2026-09-29,2026-09-29 06:56:45,nightly,0,National Chess Congress,2026,2026-11-27,59,59,live,45,45,0,623,572,677,0.8,metadata_historical_avg,,0,0,n5v6,e0e6631e4c8e940d,19eb663bd820
2026-09-29,2026-09-29 06:56:45,nightly,1,North American Open,2026,2026-12-26,88,88,live,299,299,2,1204,1105,1313,0.8,model,roster-pending,0,0,n5v6,e0e6631e4c8e940d,19eb663bd820
2026-09-29,2026-09-29 06:56:45,nightly,0,North American Open,2026,2026-12-26,88,88,live,299,299,2,1308,1059,1614,0.8,metadata_pace,,0,0,n5v6,e0e6631e4c8e940d,19eb663bd820
2026-09-29,2026-09-29 06:56:45,nightly,0,North American Open,2026,2026-12-26,88,88,live,299,299,2,1081,946,1199,0.8,metadata_historical_avg,,0,0,n5v6,e0e6631e4c8e940d,19eb663bd820
2026-09-29,2026-09-29 06:56:45,nightly,1,Eastern Open,2026,2026-12-26,88,88,live,3,3,0,370,300,444,0.8,model,roster-pending,0,0,n5v6,e0e6631e4c8e940d,19eb663bd820
2026-09-29,2026-09-29 06:56:45,nightly,0,Eastern Open,2026,2026-12-26,88,88,live,3,3,0,220,220,493,0.8,metadata_pace,,0,0,n5v6,e0e6631e4c8e940d,19eb663bd820
2026-09-29,2026-09-29 06:56:45,nightly,0,Eastern Open,2026,2026-12-26,88,88,live,3,3,0,387,367,404,0.8,metadata_historical_avg,,0,0,n5v6,e0e6631e4c8e940d,19eb663bd820
2026-09-29,2026-09-29 06:56:45,nightly,1,Boston Chess Congress,2027,2027-01-08,101,101,live,2,2,0,338,278,387,0.8,metadata_historical_avg,roster-pending,1,0,n5v6,e0e6631e4c8e940d,19eb663bd820
2026-09-29,2026-09-29 06:56:45,nightly,1,Golden State Open,2027,2027-01-15,108,108,live,0,0,0,316,274,382,0.8,metadata_historical_avg,roster-pending,1,0,n5v6,e0e6631e4c8e940d,19eb663bd820
2026-09-29,2026-09-29 06:56:45,nightly,1,Liberty Bell Open,2027,2027-01-15,108,108,live,2,2,0,449,324,547,0.8,metadata_historical_avg,roster-pending,1,0,n5v6,e0e6631e4c8e940d,19eb663bd820
2026-09-29,2026-09-29 06:56:45,nightly,1,Southwest Class Championships,2027,2027-02-11,135,135,live,0,0,0,438,391,490,0.8,metadata_historical_avg,roster-pending,1,0,n5v6,e0e6631e4c8e940d,19eb663bd820
2026-09-29,2026-09-29 06:56:45,nightly,1,George Washington Open,2027,2027-02-26,150,150,live,1,1,0,264,225,313,0.8,metadata_historical_avg,roster-pending,1,0,n5v6,e0e6631e4c8e940d,19eb663bd820
2026-09-29,2026-09-29 06:56:45,nightly,1,Western Class Championships,2027,2027-03-12,164,164,live,0,0,0,348,285,405,0.8,metadata_historical_avg,roster-pending,1,0,n5v6,e0e6631e4c8e940d,19eb663bd820
2026-09-29,2026-09-29 06:56:45,nightly,1,Mid-America Open,2027,2027-03-19,171,171,live,0,0,0,283,231,324,0.8,metadata_historical_avg,roster-pending,1,0,n5v6,e0e6631e4c8e940d,19eb663bd820
2026-09-29,2026-09-29 06:56:45,nightly,1,Southern Class Championships,2027,2027-03-19,171,171,live,1,1,0,214,182,261,0.8,metadata_historical_avg,roster-pending,1,0,n5v6,e0e6631e4c8e940d,19eb663bd820
2026-09-29,2026-09-29 06:56:45,nightly,1,Atlantic City Open,2027,2027-03-24,176,176,live,1,1,0,465,419,523,0.8,metadata_historical_avg,roster-pending,1,0,n5v6,e0e6631e4c8e940d,19eb663bd820
2026-09-30,2026-09-30 06:45:18,nightly,1,Midwest Class Championships,2026,2026-10-09,9,9,live,69,69,0,259,234,287,0.8,model,roster-pending,0,0,n5v6,e0e6631e4c8e940d,d362d8660918
2026-09-30,2026-09-30 06:45:18,nightly,0,Midwest Class Championships,2026,2026-10-09,9,9,live,69,69,0,178,175,191,0.8,metadata_pace,,0,0,n5v6,e0e6631e4c8e940d,d362d8660918
2026-09-30,2026-09-30 06:45:18,nightly,0,Midwest Class Championships,2026,2026-10-09,9,9,live,69,69,0,313,296,338,0.8,metadata_historical_avg,,0,0,n5v6,e0e6631e4c8e940d,d362d8660918
2026-09-30,2026-09-30 06:45:18,nightly,1,Eastern Class Championships,2026,2026-10-16,16,16,live,54,54,0,223,201,248,0.8,model,roster-pending,0,0,n5v6,e0e6631e4c8e940d,d362d8660918
2026-09-30,2026-09-30 06:45:18,nightly,0,Eastern Class Championships,2026,2026-10-16,16,16,live,54,54,0,235,184,299,0.8,metadata_pace,,0,0,n5v6,e0e6631e4c8e940d,d362d8660918
2026-09-30,2026-09-30 06:45:18,nightly,0,Eastern Class Championships,2026,2026-10-16,16,16,live,54,54,0,221,198,246,0.8,metadata_historical_avg,,0,0,n5v6,e0e6631e4c8e940d,d362d8660918
2026-09-30,2026-09-30 06:45:18,nightly,1,Eastern Chess Congress,2026,2026-10-23,23,23,live,56,56,2,453,408,503,0.8,model,roster-pending,0,0,n5v6,e0e6631e4c8e940d,d362d8660918
2026-09-30,2026-09-30 06:45:18,nightly,0,Eastern Chess Congress,2026,2026-10-23,23,23,live,56,56,2,401,302,533,0.8,metadata_pace,,0,0,n5v6,e0e6631e4c8e940d,d362d8660918
2026-09-30,2026-09-30 06:45:18,nightly,0,Eastern Chess Congress,2026,2026-10-23,23,23,live,56,56,2,469,404,513,0.8,metadata_historical_avg,,0,0,n5v6,e0e6631e4c8e940d,d362d8660918
2026-09-30,2026-09-30 06:45:18,nightly,1,Los Angeles Open,2026,2026-11-06,37,37,live,42,42,1,394,370,419,0.8,model,roster-pending,0,0,n5v6,e0e6631e4c8e940d,d362d8660918
2026-09-30,2026-09-30 06:45:18,nightly,0,Los Angeles Open,2026,2026-11-06,37,37,live,42,42,1,299,240,373,0.8,metadata_pace,,0,0,n5v6,e0e6631e4c8e940d,d362d8660918
2026-09-30,2026-09-30 06:45:18,nightly,0,Los Angeles Open,2026,2026-11-06,37,37,live,42,42,1,365,289,413,0.8,metadata_historical_avg,,0,0,n5v6,e0e6631e4c8e940d,d362d8660918
2026-09-30,2026-09-30 06:45:18,nightly,1,Kings Island Open,2026,2026-11-13,44,44,live,17,17,0,349,326,373,0.8,model,roster-pending,0,0,n5v6,e0e6631e4c8e940d,d362d8660918
2026-09-30,2026-09-30 06:45:18,nightly,0,Kings Island Open,2026,2026-11-13,44,44,live,17,17,0,250,211,296,0.8,metadata_pace,,0,0,n5v6,e0e6631e4c8e940d,d362d8660918
2026-09-30,2026-09-30 06:45:18,nightly,0,Kings Island Open,2026,2026-11-13,44,44,live,17,17,0,346,318,364,0.8,metadata_historical_avg,,0,0,n5v6,e0e6631e4c8e940d,d362d8660918
2026-09-30,2026-09-30 06:45:18,nightly,1,National Chess Congress,2026,2026-11-27,58,58,live,45,45,0,679,618,746,0.8,model,roster-pending,0,0,n5v6,e0e6631e4c8e940d,d362d8660918
2026-09-30,2026-09-30 06:45:18,nightly,0,National Chess Congress,2026,2026-11-27,58,58,live,45,45,0,998,770,1057,0.8,metadata_pace,,0,0,n5v6,e0e6631e4c8e940d,d362d8660918
2026-09-30,2026-09-30 06:45:18,nightly,0,National Chess Congress,2026,2026-11-27,58,58,live,45,45,0,623,572,677,0.8,metadata_historical_avg,,0,0,n5v6,e0e6631e4c8e940d,d362d8660918
2026-09-30,2026-09-30 06:45:18,nightly,1,North American Open,2026,2026-12-26,87,87,live,303,303,2,1204,1105,1313,0.8,model,roster-pending,0,0,n5v6,e0e6631e4c8e940d,d362d8660918
2026-09-30,2026-09-30 06:45:18,nightly,0,North American Open,2026,2026-12-26,87,87,live,303,303,2,1325,1074,1635,0.8,metadata_pace,,0,0,n5v6,e0e6631e4c8e940d,d362d8660918
2026-09-30,2026-09-30 06:45:18,nightly,0,North American Open,2026,2026-12-26,87,87,live,303,303,2,1081,946,1199,0.8,metadata_historical_avg,,0,0,n5v6,e0e6631e4c8e940d,d362d8660918
2026-09-30,2026-09-30 06:45:18,nightly,1,Eastern Open,2026,2026-12-26,87,87,live,3,3,0,370,300,444,0.8,model,roster-pending,0,0,n5v6,e0e6631e4c8e940d,d362d8660918
2026-09-30,2026-09-30 06:45:18,nightly,0,Eastern Open,2026,2026-12-26,87,87,live,3,3,0,220,220,493,0.8,metadata_pace,,0,0,n5v6,e0e6631e4c8e940d,d362d8660918
2026-09-30,2026-09-30 06:45:18,nightly,0,Eastern Open,2026,2026-12-26,87,87,live,3,3,0,387,367,404,0.8,metadata_historical_avg,,0,0,n5v6,e0e6631e4c8e940d,d362d8660918
2026-09-30,2026-09-30 06:45:18,nightly,1,Boston Chess Congress,2027,2027-01-08,100,100,live,2,2,0,338,278,387,0.8,metadata_historical_avg,roster-pending,1,0,n5v6,e0e6631e4c8e940d,d362d8660918
2026-09-30,2026-09-30 06:45:18,nightly,1,Golden State Open,2027,2027-01-15,107,107,live,0,0,0,316,274,382,0.8,metadata_historical_avg,roster-pending,1,0,n5v6,e0e6631e4c8e940d,d362d8660918
2026-09-30,2026-09-30 06:45:18,nightly,1,Liberty Bell Open,2027,2027-01-15,107,107,live,2,2,0,449,324,547,0.8,metadata_historical_avg,roster-pending,1,0,n5v6,e0e6631e4c8e940d,d362d8660918
2026-09-30,2026-09-30 06:45:18,nightly,1,Southwest Class Championships,2027,2027-02-11,134,134,live,0,0,0,438,391,490,0.8,metadata_historical_avg,roster-pending,1,0,n5v6,e0e6631e4c8e940d,d362d8660918
2026-09-30,2026-09-30 06:45:18,nightly,1,George Washington Open,2027,2027-02-26,149,149,live,1,1,0,264,225,313,0.8,metadata_historical_avg,roster-pending,1,0,n5v6,e0e6631e4c8e940d,d362d8660918
2026-09-30,2026-09-30 06:45:18,nightly,1,Western Class Championships,2027,2027-03-12,163,163,live,0,0,0,348,285,405,0.8,metadata_historical_avg,roster-pending,1,0,n5v6,e0e6631e4c8e940d,d362d8660918
2026-09-30,2026-09-30 06:45:18,nightly,1,Mid-America Open,2027,2027-03-19,170,170,live,0,0,0,283,231,324,0.8,metadata_historical_avg,roster-pending,1,0,n5v6,e0e6631e4c8e940d,d362d8660918
2026-09-30,2026-09-30 06:45:18,nightly,1,Southern Class Championships,2027,2027-03-19,170,170,live,1,1,0,214,182,261,0.8,metadata_historical_avg,roster-pending,1,0,n5v6,e0e6631e4c8e940d,d362d8660918
2026-09-30,2026-09-30 06:45:18,nightly,1,Atlantic City Open,2027,2027-03-24,175,175,live,1,1,0,465,419,523,0.8,metadata_historical_avg,roster-pending,1,0,n5v6,e0e6631e4c8e940d,d362d8660918
2026-10-01,2026-10-01 07:11:57,nightly,1,Midwest Class Championships,2026,2026-10-09,8,8,live,77,77,0,261,235,288,0.8,model,roster-pending,0,0,n5v6,e0e6631e4c8e940d,b4fe0cb8aa78
2026-10-01,2026-10-01 07:11:57,nightly,0,Midwest Class Championships,2026,2026-10-09,8,8,live,77,77,0,199,185,214,0.8,metadata_pace,,0,0,n5v6,e0e6631e4c8e940d,b4fe0cb8aa78
2026-10-01,2026-10-01 07:11:57,nightly,0,Midwest Class Championships,2026,2026-10-09,8,8,live,77,77,0,313,296,338,0.8,metadata_historical_avg,,0,0,n5v6,e0e6631e4c8e940d,b4fe0cb8aa78
2026-10-01,2026-10-01 07:11:57,nightly,1,Eastern Class Championships,2026,2026-10-16,15,15,live,55,55,0,221,200,245,0.8,model,roster-pending,0,0,n5v6,e0e6631e4c8e940d,b4fe0cb8aa78
2026-10-01,2026-10-01 07:11:57,nightly,0,Eastern Class Championships,2026,2026-10-16,15,15,live,55,55,0,239,187,305,0.8,metadata_pace,,0,0,n5v6,e0e6631e4c8e940d,b4fe0cb8aa78
2026-10-01,2026-10-01 07:11:57,nightly,0,Eastern Class Championships,2026,2026-10-16,15,15,live,55,55,0,221,198,246,0.8,metadata_historical_avg,,0,0,n5v6,e0e6631e4c8e940d,b4fe0cb8aa78
2026-10-01,2026-10-01 07:11:57,nightly,1,Eastern Chess Congress,2026,2026-10-23,22,22,live,57,57,2,451,407,500,0.8,model,roster-pending,0,0,n5v6,e0e6631e4c8e940d,b4fe0cb8aa78
2026-10-01,2026-10-01 07:11:57,nightly,0,Eastern Chess Congress,2026,2026-10-23,22,22,live,57,57,2,408,308,542,0.8,metadata_pace,,0,0,n5v6,e0e6631e4c8e940d,b4fe0cb8aa78
2026-10-01,2026-10-01 07:11:57,nightly,0,Eastern Chess Congress,2026,2026-10-23,22,22,live,57,57,2,469,404,513,0.8,metadata_historical_avg,,0,0,n5v6,e0e6631e4c8e940d,b4fe0cb8aa78
2026-10-01,2026-10-01 07:11:57,nightly,1,Los Angeles Open,2026,2026-11-06,36,36,live,43,43,2,394,370,418,0.8,model,roster-pending,0,0,n5v6,e0e6631e4c8e940d,b4fe0cb8aa78
2026-10-01,2026-10-01 07:11:57,nightly,0,Los Angeles Open,2026,2026-11-06,36,36,live,43,43,2,307,246,382,0.8,metadata_pace,,0,0,n5v6,e0e6631e4c8e940d,b4fe0cb8aa78
2026-10-01,2026-10-01 07:11:57,nightly,0,Los Angeles Open,2026,2026-11-06,36,36,live,43,43,2,365,289,413,0.8,metadata_historical_avg,,0,0,n5v6,e0e6631e4c8e940d,b4fe0cb8aa78
2026-10-01,2026-10-01 07:11:57,nightly,1,Kings Island Open,2026,2026-11-13,43,43,live,17,17,0,348,325,372,0.8,model,roster-pending,0,0,n5v6,e0e6631e4c8e940d,b4fe0cb8aa78
2026-10-01,2026-10-01 07:11:57,nightly,0,Kings Island Open,2026,2026-11-13,43,43,live,17,17,0,250,211,296,0.8,metadata_pace,,0,0,n5v6,e0e6631e4c8e940d,b4fe0cb8aa78
2026-10-01,2026-10-01 07:11:57,nightly,0,Kings Island Open,2026,2026-11-13,43,43,live,17,17,0,346,318,364,0.8,metadata_historical_avg,,0,0,n5v6,e0e6631e4c8e940d,b4fe0cb8aa78
2026-10-01,2026-10-01 07:11:57,nightly,1,National Chess Congress,2026,2026-11-27,57,57,live,46,46,0,678,618,744,0.8,model,roster-pending,0,0,n5v6,e0e6631e4c8e940d,b4fe0cb8aa78
2026-10-01,2026-10-01 07:11:57,nightly,0,National Chess Congress,2026,2026-11-27,57,57,live,46,46,0,1021,787,1057,0.8,metadata_pace,,0,0,n5v6,e0e6631e4c8e940d,b4fe0cb8aa78
2026-10-01,2026-10-01 07:11:57,nightly,0,National Chess Congress,2026,2026-11-27,57,57,live,46,46,0,623,572,677,0.8,metadata_historical_avg,,0,0,n5v6,e0e6631e4c8e940d,b4fe0cb8aa78
2026-10-01,2026-10-01 07:11:57,nightly,1,North American Open,2026,2026-12-26,86,86,live,307,307,2,1205,1105,1313,0.8,model,roster-pending,0,0,n5v6,e0e6631e4c8e940d,b4fe0cb8aa78
2026-10-01,2026-10-01 07:11:57,nightly,0,North American Open,2026,2026-12-26,86,86,live,307,307,2,1342,1088,1657,0.8,metadata_pace,,0,0,n5v6,e0e6631e4c8e940d,b4fe0cb8aa78
2026-10-01,2026-10-01 07:11:57,nightly,0,North American Open,2026,2026-12-26,86,86,live,307,307,2,1081,946,1199,0.8,metadata_historical_avg,,0,0,n5v6,e0e6631e4c8e940d,b4fe0cb8aa78
2026-10-01,2026-10-01 07:11:57,nightly,1,Eastern Open,2026,2026-12-26,86,86,live,3,3,0,370,300,444,0.8,model,roster-pending,0,0,n5v6,e0e6631e4c8e940d,b4fe0cb8aa78
2026-10-01,2026-10-01 07:11:57,nightly,0,Eastern Open,2026,2026-12-26,86,86,live,3,3,0,220,220,493,0.8,metadata_pace,,0,0,n5v6,e0e6631e4c8e940d,b4fe0cb8aa78
2026-10-01,2026-10-01 07:11:57,nightly,0,Eastern Open,2026,2026-12-26,86,86,live,3,3,0,387,367,404,0.8,metadata_historical_avg,,0,0,n5v6,e0e6631e4c8e940d,b4fe0cb8aa78
2026-10-01,2026-10-01 07:11:57,nightly,1,Boston Chess Congress,2027,2027-01-08,99,99,live,2,2,0,338,278,387,0.8,metadata_historical_avg,roster-pending,1,0,n5v6,e0e6631e4c8e940d,b4fe0cb8aa78
2026-10-01,2026-10-01 07:11:57,nightly,1,Golden State Open,2027,2027-01-15,106,106,live,0,0,0,316,274,382,0.8,metadata_historical_avg,roster-pending,1,0,n5v6,e0e6631e4c8e940d,b4fe0cb8aa78
2026-10-01,2026-10-01 07:11:57,nightly,1,Liberty Bell Open,2027,2027-01-15,106,106,live,2,2,0,449,324,547,0.8,metadata_historical_avg,roster-pending,1,0,n5v6,e0e6631e4c8e940d,b4fe0cb8aa78
2026-10-01,2026-10-01 07:11:57,nightly,1,Southwest Class Championships,2027,2027-02-11,133,133,live,1,1,0,438,391,490,0.8,metadata_historical_avg,roster-pending,1,0,n5v6,e0e6631e4c8e940d,b4fe0cb8aa78
2026-10-01,2026-10-01 07:11:57,nightly,1,George Washington Open,2027,2027-02-26,148,148,live,1,1,0,264,225,313,0.8,metadata_historical_avg,roster-pending,1,0,n5v6,e0e6631e4c8e940d,b4fe0cb8aa78
2026-10-01,2026-10-01 07:11:57,nightly,1,Western Class Championships,2027,2027-03-12,162,162,live,0,0,0,348,285,405,0.8,metadata_historical_avg,roster-pending,1,0,n5v6,e0e6631e4c8e940d,b4fe0cb8aa78
2026-10-01,2026-10-01 07:11:57,nightly,1,Mid-America Open,2027,2027-03-19,169,169,live,0,0,0,283,231,324,0.8,metadata_historical_avg,roster-pending,1,0,n5v6,e0e6631e4c8e940d,b4fe0cb8aa78
2026-10-01,2026-10-01 07:11:57,nightly,1,Southern Class Championships,2027,2027-03-19,169,169,live,1,1,0,214,182,261,0.8,metadata_historical_avg,roster-pending,1,0,n5v6,e0e6631e4c8e940d,b4fe0cb8aa78
2026-10-01,2026-10-01 07:11:57,nightly,1,Atlantic City Open,2027,2027-03-24,174,174,live,1,1,0,465,419,523,0.8,metadata_historical_avg,roster-pending,1,0,n5v6,e0e6631e4c8e940d,b4fe0cb8aa78
