tournament_name,year,event_start,early_bird_fee,early_bird_deadline,regular_fee,regular_deadline,onsite_fee,prize_fund,has_eb_phrasing,eb_demoted_reason,url,last_seen
aco26,2026,2026-04-01,,,218,2026-03-30,240,,False,"only one date-bound tier ($218 by 2026-03-30, T-2) — advance/onsite step, not early bird",https://www.chesstour.com/aco26.htm,2026-10-03
2022 Atlantic Open chess tournament,2022,2022-08-26,,,138,2022-08-24,142,,False,"deadline 2022-08-24 is T-2 (< T-14) vs event 2022-08-26 — advance/onsite step, not early bird",https://www.chesstour.com/ao22.htm,2026-10-03
Atlantic Open chess tournament,2023,2023-08-25,,,148,2023-08-23,,,False,"only one date-bound tier ($148 by 2023-08-23, T-2) — advance/onsite step, not early bird",https://www.chesstour.com/ao23.htm,2026-10-03
ao24,2024,2024-08-23,,,148,2024-08-21,,,False,"only one date-bound tier ($148 by 2024-08-21, T-2) — advance/onsite step, not early bird",https://www.chesstour.com/ao24.htm,2026-10-03
ao26,2026,2026-08-21,,,148,2026-08-18,,,False,"only one date-bound tier ($148 by 2026-08-18, T-3) — advance/onsite step, not early bird",https://www.chesstour.com/ao26.htm,2026-10-03
aob26,2026,2026-08-22,,,,,48,,False,,https://www.chesstour.com/aob26.htm,2026-08-24
brad26,2026,2026-07-24,,,118,2026-07-21,130,,False,"only one date-bound tier ($118 by 2026-07-21, T-3) — advance/onsite step, not early bird",https://www.chesstour.com/brad26.htm,2026-07-27
2022 Central California Open chess tournament,2022,2022-08-19,,,93,2022-08-17,97,,False,"deadline 2022-08-17 is T-2 (< T-14) vs event 2022-08-19 — advance/onsite step, not early bird",https://www.chesstour.com/cco22.htm,2026-10-03
Central California Open chess tournament,2023,2023-08-11,,,98,2023-08-09,,,False,"only one date-bound tier ($98 by 2023-08-09, T-2) — advance/onsite step, not early bird",https://www.chesstour.com/cco23.htm,2026-10-03
Central California Open chess tournament,2024,2024-08-09,,,98,2024-08-07,,,False,"only one date-bound tier ($98 by 2024-08-07, T-2) — advance/onsite step, not early bird",https://www.chesstour.com/cco24.htm,2026-10-03
Central California Open chess tournament,2025,2025-08-22,,,98,2025-08-19,,,False,"only one date-bound tier ($98 by 2025-08-19, T-3) — advance/onsite step, not early bird",https://www.chesstour.com/cco25.htm,2026-10-03
Central California Open chess tournament,2026,2026-08-14,,,98,2026-08-12,,,False,"only one date-bound tier ($98 by 2026-08-12, T-2) — advance/onsite step, not early bird",https://www.chesstour.com/cco26.htm,2026-10-03
CHICAGO CLASS CHAMPIONSHIPS,2026,2026-07-17,,,148,2026-07-14,170,,False,"only one date-bound tier ($148 by 2026-07-14, T-3) — advance/onsite step, not early bird",https://www.chesstour.com/chcc26.htm,2026-07-13
chccb26,2026,2026-07-18,,,,,48,,False,,https://www.chesstour.com/chccb26.htm,2026-07-13
31st annual,2022,2022-05-26,207,2022-03-22,227,2022-05-25,40,10000,False,,https://www.chesstour.com/chio22.htm,2026-10-03
Chicago Open,2023,2023-05-25,207,2023-03-21,227,2023-05-24,250,10000,False,,https://www.chesstour.com/chio23.htm,2026-10-03
chio24,2024,2024-05-23,207,2024-03-19,227,2024-05-22,250,10000,False,,https://www.chesstour.com/chio24.htm,2026-10-03
chio25,2025,2025-05-22,207,2025-03-21,227,2025-05-21,250,,False,,https://www.chesstour.com/chio25.htm,2026-10-03
chio26,2026,2026-05-21,207,2026-03-19,227,2026-05-19,250,,False,,https://www.chesstour.com/chio26.htm,2026-10-03
clev26,2026,2026-06-05,,,118,2026-06-02,130,2000,False,"only one date-bound tier ($118 by 2026-06-02, T-3) — advance/onsite step, not early bird",https://www.chesstour.com/clev26.htm,2026-05-18
cono26,2026,2026-08-13,,,158,2026-08-11,180,3000,False,"only one date-bound tier ($158 by 2026-08-11, T-2) — advance/onsite step, not early bird",https://www.chesstour.com/cono26.htm,2026-08-10
conob26,2026,2026-08-15,,,,,48,,False,,https://www.chesstour.com/conob26.htm,2026-08-10
dci26,2026,2026-06-25,800,2026-05-15,825,2026-06-23,200,6000,False,,https://www.chesstour.com/dci26.htm,2026-06-29
dco26,2026,2026-06-26,,,118,2026-06-24,140,,False,"only one date-bound tier ($118 by 2026-06-24, T-2) — advance/onsite step, not early bird",https://www.chesstour.com/dco26.htm,2026-06-29
ecc26,2026,2026-10-16,,,118,2026-10-13,130,,False,"only one date-bound tier ($118 by 2026-10-13, T-3) — advance/onsite step, not early bird",https://www.chesstour.com/ecc26.htm,2026-10-03
Eastern Chess Congress,2026,2026-10-23,,,138,2026-10-20,,,False,"only one date-bound tier ($138 by 2026-10-20, T-3) — advance/onsite step, not early bird",https://www.chesstour.com/ecco26.htm,2026-10-03
eccob26,2026,2026-10-24,,,,,48,,False,,https://www.chesstour.com/eccob26.htm,2026-10-03
2022 Eastern Open chess tournament,2022,2022-12-26,,,148,2022-12-23,,3000,False,"only one date-bound tier ($148 by 2022-12-23, T-3) — advance/onsite step, not early bird",https://www.chesstour.com/eo22.htm,2026-10-03
2023 Eastern Open chess tournament,2023,2023-12-26,,,148,2023-12-23,,3000,False,"only one date-bound tier ($148 by 2023-12-23, T-3) — advance/onsite step, not early bird",https://www.chesstour.com/eo23.htm,2026-10-03
2023 Eastern Open chess tournament,2024,2024-12-26,,,148,2024-12-23,170,,False,"only one date-bound tier ($148 by 2024-12-23, T-3) — advance/onsite step, not early bird",https://www.chesstour.com/eo24.htm,2026-10-03
2023 Eastern Open chess tournament,2025,2025-12-26,,,148,2025-12-23,170,,False,"only one date-bound tier ($148 by 2025-12-23, T-3) — advance/onsite step, not early bird",https://www.chesstour.com/eo25.htm,2026-10-03
2023 Eastern Open chess tournament,2026,2026-12-26,,,148,2026-12-23,170,,False,"only one date-bound tier ($148 by 2026-12-23, T-3) — advance/onsite step, not early bird",https://www.chesstour.com/eo26.htm,2026-10-03
eob26,2026,2026-12-28,,,,,48,,False,,https://www.chesstour.com/eob26.htm,2026-10-03
2023 George Washington Open,2023,2023-02-24,,,113,2023-02-22,130,,False,"only one date-bound tier ($113 by 2023-02-22, T-2) — advance/onsite step, not early bird",https://www.chesstour.com/gwo23.htm,2026-10-03
gwo24,2024,2024-02-23,,,113,2024-02-21,130,,False,"only one date-bound tier ($113 by 2024-02-21, T-2) — advance/onsite step, not early bird",https://www.chesstour.com/gwo24.htm,2026-10-03
gwo25,2025,2025-02-21,,,113,2025-02-19,130,,False,"only one date-bound tier ($113 by 2025-02-19, T-2) — advance/onsite step, not early bird",https://www.chesstour.com/gwo25.htm,2026-10-03
gwo26,2026,2026-03-01,,,123,2026-02-24,140,,False,"only one date-bound tier ($123 by 2026-02-24, T-5) — advance/onsite step, not early bird",https://www.chesstour.com/gwo26.htm,2026-10-03
ho26,2026,2026-06-05,,,93,2026-06-02,110,,False,"only one date-bound tier ($93 by 2026-06-02, T-3) — advance/onsite step, not early bird",https://www.chesstour.com/ho26.htm,2026-05-18
io26,2026,2026-08-21,,,118,2026-08-18,,,False,"only one date-bound tier ($118 by 2026-08-18, T-3) — advance/onsite step, not early bird",https://www.chesstour.com/io26.htm,2026-08-24
kio26,2026,2026-11-13,,,138,2026-11-10,160,,False,"only one date-bound tier ($138 by 2026-11-10, T-3) — advance/onsite step, not early bird",https://www.chesstour.com/kio26.htm,2026-10-03
kiob26,2026,2026-11-14,,,,,48,,False,,https://www.chesstour.com/kiob26.htm,2026-10-03
lao26,2026,2026-11-06,,,128,2026-11-03,,2000,False,"only one date-bound tier ($128 by 2026-11-03, T-3) — advance/onsite step, not early bird",https://www.chesstour.com/lao26.htm,2026-10-03
laob26,2026,2026-11-07,,,,,48,,False,,https://www.chesstour.com/laob26.htm,2026-10-03
2022 Liberty Bell Open,2022,2022-01-14,,,112,2022-01-03,18,20000,False,"deadline 2022-01-03 is T-11 (< T-14) vs event 2022-01-14 — advance/onsite step, not early bird",https://www.chesstour.com/lbo22.htm,2026-10-03
2023 Liberty Bell Open,2023,2023-01-13,,,123,2023-01-11,,25000,False,"only one date-bound tier ($123 by 2023-01-11, T-2) — advance/onsite step, not early bird",https://www.chesstour.com/lbo23.htm,2026-10-03
lbo24,2024,2024-01-12,,,138,2024-01-10,,25000,False,"only one date-bound tier ($138 by 2024-01-10, T-2) — advance/onsite step, not early bird",https://www.chesstour.com/lbo24.htm,2026-10-03
lbo25,2025,2025-01-17,,,138,2025-01-15,160,25000,False,"only one date-bound tier ($138 by 2025-01-15, T-2) — advance/onsite step, not early bird",https://www.chesstour.com/lbo25.htm,2026-10-03
lbo26,2026,2026-01-16,148,2026-01-02,158,2026-01-15,180,25000,False,,https://www.chesstour.com/lbo26.htm,2026-10-03
Midwest Class,2026,2026-10-09,,,118,2026-10-06,140,,False,"only one date-bound tier ($118 by 2026-10-06, T-3) — advance/onsite step, not early bird",https://www.chesstour.com/mwcc26.htm,2026-10-03
mwccb26,2026,2026-10-10,,,,,48,,False,,https://www.chesstour.com/mwccb26.htm,2026-10-03
NORTH AMERICAN OPEN CHESS TOURNAMENT,2022,2022-12-26,245,2022-09-20,275,2022-12-23,,125000,False,,https://www.chesstour.com/nao22.htm,2026-10-03
NORTH AMERICAN OPEN CHESS TOURNAMENT,2023,2023-12-26,245,2023-09-20,275,2023-12-23,,130000,False,,https://www.chesstour.com/nao23.htm,2026-10-03
nao24,2024,2024-12-26,245,2024-09-20,275,2024-12-23,,800,False,,https://www.chesstour.com/nao24.htm,2026-10-03
nao25,2025,2025-12-26,245,2025-09-20,275,2025-12-23,,800,False,,https://www.chesstour.com/nao25.htm,2026-10-03
nao26,2026,2026-12-26,245,2026-09-20,275,2026-12-23,,800,False,,https://www.chesstour.com/nao26.htm,2026-10-03
North American Blit,2026,2026-12-29,,,,,50,,False,,https://www.chesstour.com/naob26.htm,2026-10-03
National Chess Congress,2022,,,,138,2022-11-23,160,,False,could not parse event_start from flyer,https://www.chesstour.com/ncc22.htm,2026-10-03
ncc23,2023,,,,138,2023-11-22,160,,False,could not parse event_start from flyer,https://www.chesstour.com/ncc23.htm,2026-10-03
ncc24,2024,2024-12-01,,,138,2024-11-27,160,,False,"only one date-bound tier ($138 by 2024-11-27, T-4) — advance/onsite step, not early bird",https://www.chesstour.com/ncc24.htm,2026-10-03
ncc25,2025,2025-11-28,,,138,2025-11-25,160,,False,"only one date-bound tier ($138 by 2025-11-25, T-3) — advance/onsite step, not early bird",https://www.chesstour.com/ncc25.htm,2026-10-03
ncc26,2026,2026-11-27,,,138,2026-11-24,160,,False,"only one date-bound tier ($138 by 2026-11-24, T-3) — advance/onsite step, not early bird",https://www.chesstour.com/ncc26.htm,2026-10-03
National Chess Congress Blitz!,2026,2026-11-28,,,,,48,,False,,https://www.chesstour.com/nccb26.htm,2026-10-03
nysc26,2026,2026-09-04,,,118,2026-09-01,130,200,False,"only one date-bound tier ($118 by 2026-09-01, T-3) — advance/onsite step, not early bird",https://www.chesstour.com/nysc26.htm,2026-08-31
nyso26,2026,2026-06-19,,,88,2026-06-16,100,,False,"only one date-bound tier ($88 by 2026-06-16, T-3) — advance/onsite step, not early bird",https://www.chesstour.com/nyso26.htm,2026-06-08
pco26,2026,2026-08-01,,,158,2026-07-28,180,,False,"only one date-bound tier ($158 by 2026-07-28, T-4) — advance/onsite step, not early bird",https://www.chesstour.com/pco26.htm,2026-08-03
pcob26,2026,2026-08-01,,,,,48,,False,,https://www.chesstour.com/pcob26.htm,2026-08-03
Pittsburgh Open,2026,2026-07-17,,,118,2026-07-14,130,,False,"only one date-bound tier ($118 by 2026-07-14, T-3) — advance/onsite step, not early bird",https://www.chesstour.com/pit26.htm,2026-07-13
Southern Class Championships,2022,2022-03-18,,,118,2022-03-16,122,,False,"deadline 2022-03-16 is T-2 (< T-14) vs event 2022-03-18 — advance/onsite step, not early bird",https://www.chesstour.com/scc22.htm,2026-10-03
Southern Class Championships,2023,2023-03-17,,,118,2023-03-15,,,False,"only one date-bound tier ($118 by 2023-03-15, T-2) — advance/onsite step, not early bird",https://www.chesstour.com/scc23.htm,2026-10-03
scc24,2024,2024-03-15,,,118,2024-03-13,,,False,"only one date-bound tier ($118 by 2024-03-13, T-2) — advance/onsite step, not early bird",https://www.chesstour.com/scc24.htm,2026-10-03
scc25,2025,2025-03-07,,,118,2025-03-05,130,,False,"only one date-bound tier ($118 by 2025-03-05, T-2) — advance/onsite step, not early bird",https://www.chesstour.com/scc25.htm,2026-10-03
scc26,2026,2026-03-13,,,118,2026-03-10,130,,False,"only one date-bound tier ($118 by 2026-03-10, T-3) — advance/onsite step, not early bird",https://www.chesstour.com/scc26.htm,2026-10-03
Southern Open chess tournament,2026,2026-07-17,,,128,2026-07-14,,,False,"only one date-bound tier ($128 by 2026-07-14, T-3) — advance/onsite step, not early bird",https://www.chesstour.com/so26.htm,2026-07-13
13th annual SOUTHWEST CLASS CHAM,2022,2022-02-17,,,119,2022-02-09,260,500,False,"deadline 2022-02-09 is T-8 (< T-14) vs event 2022-02-17 — advance/onsite step, not early bird",https://www.chesstour.com/swcc22.htm,2026-10-03
14th annual SOUTHWEST CLASS,2023,2023-02-16,,,278,2023-02-15,300,,False,"deadline 2023-02-15 is T-1 (< T-14) vs event 2023-02-16 — advance/onsite step, not early bird",https://www.chesstour.com/swcc23.htm,2026-10-03
swcc24,2024,2024-02-15,,,278,2024-02-14,300,,False,"deadline 2024-02-14 is T-1 (< T-14) vs event 2024-02-15 — advance/onsite step, not early bird",https://www.chesstour.com/swcc24.htm,2026-10-03
swcc25,2025,2025-02-13,,,278,2025-02-12,300,,False,"deadline 2025-02-12 is T-1 (< T-14) vs event 2025-02-13 — advance/onsite step, not early bird",https://www.chesstour.com/swcc25.htm,2026-10-03
swcc26,2026,2026-02-12,,,278,2026-02-11,300,,False,"only one date-bound tier ($278 by 2026-02-11, T-1) — advance/onsite step, not early bird",https://www.chesstour.com/swcc26.htm,2026-10-03
29th annual WESTERN CLASS CHAMPI,2022,2022-03-04,,,128,2022-03-03,150,20000,False,"deadline 2022-03-03 is T-1 (< T-14) vs event 2022-03-04 — advance/onsite step, not early bird",https://www.chesstour.com/wcc22.htm,2026-10-03
Western Class Championships,2023,2023-03-03,,,128,2023-03-01,150,20000,False,"only one date-bound tier ($128 by 2023-03-01, T-2) — advance/onsite step, not early bird",https://www.chesstour.com/wcc23.htm,2026-10-03
wcc24,2024,2024-03-01,,,128,2024-02-28,150,20000,False,"only one date-bound tier ($128 by 2024-02-28, T-2) — advance/onsite step, not early bird",https://www.chesstour.com/wcc24.htm,2026-10-03
wcc25,2025,2025-03-07,,,128,2025-03-05,150,20000,False,"only one date-bound tier ($128 by 2025-03-05, T-2) — advance/onsite step, not early bird",https://www.chesstour.com/wcc25.htm,2026-10-03
wcc26,2026,2026-03-06,,,138,2026-03-03,160,20000,False,"only one date-bound tier ($138 by 2026-03-03, T-3) — advance/onsite step, not early bird",https://www.chesstour.com/wcc26.htm,2026-10-03
2022 WORLD OPEN CHESS TOURNAMENT,2022,2022-07-04,73,2022-06-15,308,2022-04-15,350,,False,,https://www.chesstour.com/wo22.htm,2026-10-03
2023 WORLD OPEN CHESS TOURNAMENT,2023,2023-07-02,318,2023-05-15,328,2023-06-27,350,208000,False,,https://www.chesstour.com/wo23.htm,2026-10-03
wo24,2024,2024-07-03,318,2024-05-15,328,2024-06-29,350,208000,False,,https://www.chesstour.com/wo24.htm,2026-10-03
wo25,2025,2025-07-02,318,2025-05-15,328,2025-06-28,350,208000,False,,https://www.chesstour.com/wo25.htm,2026-10-03
wo26,2026,2026-07-01,318,2026-05-15,328,2026-06-29,350,208000,False,,https://www.chesstour.com/wo26.htm,2026-10-03
woac26,2026,2026-06-30,,,65,2026-06-29,80,,False,"only one date-bound tier ($65 by 2026-06-29, T-1) — advance/onsite step, not early bird",https://www.chesstour.com/woac26.htm,2026-06-29
woam26,2026,2026-06-29,,,83,2026-06-26,100,,False,"only one date-bound tier ($83 by 2026-06-26, T-3) — advance/onsite step, not early bird",https://www.chesstour.com/woam26.htm,2026-06-29
wob26,2026,2026-07-05,,,40,2026-07-04,,,False,"only one date-bound tier ($40 by 2026-07-04, T-1) — advance/onsite step, not early bird",https://www.chesstour.com/wob26.htm,2026-06-29
wog5026,2026,2026-06-25,,,40,2026-06-22,50,,False,"only one date-bound tier ($40 by 2026-06-22, T-3) — advance/onsite step, not early bird",https://www.chesstour.com/wog5026.htm,2026-06-29
wolower26,2026,2026-06-26,218,2026-05-15,228,2026-06-23,250,17000,False,,https://www.chesstour.com/wolower26.htm,2026-06-29
woq26,2026,2026-07-04,,,40,2026-07-03,,,False,"only one date-bound tier ($40 by 2026-07-03, T-1) — advance/onsite step, not early bird",https://www.chesstour.com/woq26.htm,2026-06-29
wosa26,2026,2026-06-29,,,45,2026-06-26,60,,False,"only one date-bound tier ($45 by 2026-06-26, T-3) — advance/onsite step, not early bird",https://www.chesstour.com/wosa26.htm,2026-06-29
woseven26,2026,2026-07-01,,,40,2026-06-30,,,False,"only one date-bound tier ($40 by 2026-06-30, T-1) — advance/onsite step, not early bird",https://www.chesstour.com/woseven26.htm,2026-06-29
wowc26,2026,2026-06-29,,,88,2026-06-26,100,,False,"only one date-bound tier ($88 by 2026-06-26, T-3) — advance/onsite step, not early bird",https://www.chesstour.com/wowc26.htm,2026-06-29
wu26,2026,2026-06-29,,,58,2026-06-26,70,,False,"only one date-bound tier ($58 by 2026-06-26, T-3) — advance/onsite step, not early bird",https://www.chesstour.com/wu26.htm,2026-06-29
