family,n_years,median_ratio,mean_ratio,std_ratio,min_ratio,max_ratio,cv,tournament_type,years_used
Atlantic City Open,1,0.9505,0.9505,0.0,0.9505,0.9505,0.0,open,[2026]
Atlantic Open,4,0.9837,0.9836,0.0135,0.9669,1.0,0.0137,open,"[2026, 2025, 2024, 2023]"
Boston Chess Congress,4,0.978,0.9778,0.0182,0.9554,1.0,0.0187,open,"[2026, 2025, 2024, 2023]"
Bradley Open,4,0.9947,0.9889,0.032,0.9472,1.0191,0.0323,open,"[2026, 2025, 2024, 2023]"
Central California Open,4,0.9748,0.9731,0.0108,0.9609,0.9822,0.0111,open,"[2026, 2025, 2024, 2023]"
Central New York Open,1,1.0,1.0,0.0,1.0,1.0,0.0,open,[2023]
Chicago Class,4,1.0032,1.001,0.0157,0.983,1.0143,0.0157,class,"[2026, 2025, 2024, 2023]"
Chicago Open,4,0.9744,0.9738,0.0058,0.9662,0.9802,0.0059,open,"[2026, 2025, 2024, 2023]"
Cleveland Open,4,0.9738,0.945,0.0762,0.8323,1.0,0.0806,open,"[2026, 2025, 2024, 2023]"
Continental Class,1,0.9697,0.9697,0.0,0.9697,0.9697,0.0,class,[2023]
Continental Open,4,1.0,0.9741,0.0622,0.8814,1.015,0.0639,open,"[2026, 2025, 2024, 2023]"
DC International,1,0.9533,0.9533,0.0,0.9533,0.9533,0.0,open,[2026]
DC Open,1,0.9734,0.9734,0.0,0.9734,0.9734,0.0,open,[2026]
Eastern Chess Congress,3,0.9694,0.9692,0.0062,0.963,0.9753,0.0063,open,"[2025, 2024, 2023]"
Eastern Class,3,0.9692,0.9653,0.0221,0.9416,0.9852,0.0228,class,"[2025, 2024, 2023]"
Eastern Open,3,0.9794,0.9842,0.0093,0.9782,0.9949,0.0095,open,"[2025, 2024, 2023]"
George Washington Open,4,0.9768,0.9738,0.0196,0.9474,0.9942,0.0201,open,"[2026, 2025, 2024, 2023]"
Golden State Open,4,0.9881,0.9854,0.0141,0.9682,0.9974,0.0144,open,"[2026, 2025, 2024, 2023]"
Hartford Open,4,0.9512,0.9477,0.0237,0.9196,0.9686,0.025,open,"[2026, 2025, 2024, 2023]"
Indianapolis Open,4,0.9709,0.9695,0.0183,0.9471,0.9889,0.0188,open,"[2026, 2025, 2024, 2023]"
Kings Island Open,3,0.9747,0.9783,0.0174,0.9629,0.9972,0.0178,open,"[2025, 2024, 2023]"
Liberty Bell Open,4,0.9689,0.9667,0.0137,0.948,0.981,0.0142,open,"[2026, 2025, 2024, 2023]"
Los Angeles Open,3,0.9709,0.9707,0.0067,0.9639,0.9773,0.0069,open,"[2025, 2024, 2023]"
Mid-America Open,4,0.9799,0.9768,0.0169,0.9542,0.9934,0.0173,open,"[2026, 2025, 2024, 2023]"
Midwest Class Championships,3,0.9575,0.9699,0.0262,0.9521,1.0,0.0271,class,"[2025, 2024, 2023]"
National Chess Congress,3,0.9773,0.9812,0.0172,0.9662,1.0,0.0176,open,"[2025, 2024, 2023]"
New York State Championship,4,0.9909,0.9889,0.0179,0.9655,1.0086,0.0181,open,"[2026, 2025, 2024, 2023]"
New York State High School Championship,2,0.9554,0.9554,0.0273,0.9361,0.9747,0.0286,open,"[2026, 2025]"
New York State Open,3,1.0,0.996,0.0069,0.988,1.0,0.007,open,"[2026, 2025, 2024]"
New York State Scholastic Championships,2,0.8065,0.8065,0.217,0.6531,0.96,0.2691,open,"[2024, 2023]"
New York State Scholastic Championships Grades K-8,2,0.9599,0.9599,0.0038,0.9572,0.9626,0.004,open,"[2026, 2025]"
New York State Senior Championship With Young Adult Mi,2,0.9655,0.9655,0.0256,0.9474,0.9836,0.0265,open,"[2026, 2025]"
Niagara Falls Open,3,0.9944,0.9995,0.051,0.9512,1.0529,0.0511,open,"[2025, 2024, 2023]"
North American Open,3,0.9764,0.9725,0.0086,0.9626,0.9785,0.0089,open,"[2025, 2024, 2023]"
Open at Foxwoods,2,0.9914,0.9914,0.0153,0.9806,1.0022,0.0154,open,"[2024, 2023]"
Pacific Coast Open,4,0.9749,0.972,0.0198,0.9463,0.9917,0.0203,open,"[2026, 2025, 2024, 2023]"
Philadelphia International,3,0.9167,0.9054,0.0613,0.8392,0.9603,0.0677,open,"[2025, 2024, 2023]"
Philadelphia Open,3,0.9692,0.9759,0.0126,0.968,0.9904,0.0129,open,"[2025, 2024, 2023]"
Pittsburgh Open,4,0.9738,0.9689,0.021,0.9412,0.9868,0.0217,open,"[2026, 2025, 2024, 2023]"
Princeton Open,1,0.9721,0.9721,0.0,0.9721,0.9721,0.0,open,[2025]
Southern Class,4,0.9967,0.9833,0.0555,0.9053,1.0347,0.0564,class,"[2026, 2025, 2024, 2023]"
Southern Open,4,0.9901,0.9917,0.0198,0.9697,1.017,0.0199,open,"[2026, 2025, 2024, 2023]"
Southwest Class Championships,4,0.9665,0.966,0.0041,0.9614,0.9695,0.0042,class,"[2026, 2025, 2024, 2023]"
Washington Chess Congress,1,0.9759,0.9759,0.0,0.9759,0.9759,0.0,open,[2023]
Western Class,1,0.9827,0.9827,0.0,0.9827,0.9827,0.0,open,[2023]
Western Class Championships,3,0.9762,0.9765,0.008,0.9686,0.9846,0.0082,class,"[2026, 2025, 2024]"
World Open lower sections,4,0.9433,0.9612,0.0501,0.9259,1.0323,0.0521,open,"[2026, 2025, 2024, 2023]"
World Open top 6 sections,4,0.9825,0.9901,0.0173,0.9794,1.0159,0.0175,open,"[2026, 2025, 2024, 2023]"
